first_name,last_name,email,car_make,car_model,vin,manufactured_date
Hollis,Kaines,hkaines0@4shared.com,Alfa Romeo,Civic,4A4AP3AUXDE212893,1992
Chlo,Rigglesford,crigglesford1@fastcompany.com,BMW,Civic,1GYS4NKJ9FR688188,2004
Sarine,Hauxwell,shauxwell2@slate.com,BMW,Civic,1FMJK1F57AE667636,2006
Julianne,Santori,jsantori3@drupal.org,Audi,Civic,WAUEKAFB8AN998060,2010
Shayla,Twoohy,stwoohy4@histats.com,Suzuki,Civic,1GYUKGEF7AR073388,2003
Cristabel,Gallehawk,cgallehawk5@huffingtonpost.com,Kia,Civic,WAUAT48H65K266192,2008
Brynna,MacRitchie,bmacritchie6@sakura.ne.jp,Audi,Civic,4A31K5DF4BE991555,1991
Aviva,Roels,aroels7@smugmug.com,Honda,Civic,TRUB3AFKXC1240823,2010
Renae,Croxley,rcroxley8@usa.gov,Subaru,Civic,WAUVF78KX9A690850,2009
Zonda,Osmon,zosmon9@pen.io,Pontiac,Civic,5UXKU6C58F0021712,1987
Bryon,Wike,bwikea@edublogs.org,GMC,Civic,4T1BF1FK6EU461401,1992
Kiley,Dunphy,kdunphyb@reddit.com,Chevrolet,Civic,WAUEH64B91N483230,1994
Alvy,Rought,aroughtc@360.cn,Kia,Civic,WAUSFBFL5AA609436,2013
Carlyle,Highnam,chighnamd@si.edu,Dodge,Civic,1FAHP3DN6AW546991,2004
Nolana,Larder,nlardere@census.gov,Toyota,Civic,WBAYE0C58ED888571,2002
Lu,Ganley,lganleyf@eepurl.com,Aston Martin,Civic,WAUEG94F86N476462,2005
Claribel,Elcy,celcyg@examiner.com,Chrysler,Civic,3D73M4CL1AG957562,2007
Jephthah,Hurdiss,jhurdissh@storify.com,Chrysler,Civic,WP0CB2A88CS847512,2007
Caroline,O' Kelleher,cokelleheri@huffingtonpost.com,Plymouth,Civic,KNADM4A3XC6537947,1996
Grethel,Anthoin,ganthoinj@lycos.com,Volvo,Civic,WP0AB2A91BS623979,2005
Drona,Jakubovski,djakubovskik@issuu.com,Ford,Civic,WBSWL93529P424497,1965
Marlee,Croose,mcroosel@vinaora.com,Cadillac,Civic,KMHEC4A43DA859410,2011
Thorn,Pringell,tpringellm@vkontakte.ru,Toyota,Civic,2C3CCASG1FH924265,2002
Brannon,Mash,bmashn@lulu.com,Volvo,Civic,1N6AA0EC4DN247046,1994
Willem,Sesser,wsessero@dropbox.com,Volkswagen,Civic,3D73Y4EL8AG167550,1991
Sibilla,Blenkiron,sblenkironp@epa.gov,Mitsubishi,Civic,1G4GL5G34DF561903,1996
Kaylyn,Beadel,kbeadelq@cbc.ca,Ford,Civic,SAJWA4DC5CM216010,2009
Lamar,Shimwall,lshimwallr@webeden.co.uk,Mitsubishi,Civic,1FTEW1CW9AK708986,2006
Sarene,Matteotti,smatteottis@cyberchimps.com,Cadillac,Civic,1GYS4GEFXBR411594,2009
Zorah,Pettingall,zpettingallt@msn.com,Subaru,Civic,SCBDR33WX7C200176,2011
Axel,Winspeare,awinspeareu@jugem.jp,Audi,Civic,WDDLJ6HBXFA091855,1987
Berke,Rossi,brossiv@gravatar.com,Toyota,Civic,1N6AA0CC0EN062643,1994
Anya,Stroband,astrobandw@berkeley.edu,Mercedes-Benz,Civic,KMHTC6ADXDU440794,2012
Kirk,Martill,kmartillx@sohu.com,Volkswagen,Civic,SCBCU7ZA3BC323646,1997
Ruthie,Cokely,rcokelyy@macromedia.com,Dodge,Civic,KNADN5A37F6254283,2004
Dannie,Petteford,dpettefordz@soup.io,Toyota,Civic,WBAEU33412K999825,1995
Atlante,Abrahamsson,aabrahamsson10@pen.io,Pontiac,Civic,JH4CL96954C547444,1996
Lester,Keson,lkeson11@amazon.de,Nissan,Civic,1G6DE5EY5B0776628,2003
Bartlet,MacAlpin,bmacalpin12@multiply.com,Mercedes-Benz,Civic,JTDKDTB38E1079599,2011
Michel,Whitcombe,mwhitcombe13@cnn.com,Mitsubishi,Civic,JHMZE2H52DS395649,1998
Conney,Grinnov,cgrinnov14@forbes.com,Toyota,Civic,WAUVT58E84A095396,2000
Ly,MacDearmid,lmacdearmid15@storify.com,Ford,Civic,2C3CA2CV3AH521518,2011
Imogen,O'Leahy,ioleahy16@newsvine.com,MINI,Civic,1C4SDJCT8CC468084,2010
Zerk,Plum,zplum17@discuz.net,Jeep,Civic,1HGCP2F35CA783449,1995
Ange,Vasiliu,avasiliu18@sina.com.cn,Chevrolet,Civic,JM3TB2CA2F0419796,2006
Gabe,Garrard,ggarrard19@statcounter.com,Lotus,Civic,JN8AF5MR8ET431656,1987
Immanuel,Pietruschka,ipietruschka1a@google.ca,Mercury,Civic,5J8TB4H34GL059642,1994
Morrie,Bosket,mbosket1b@jalbum.net,Lotus,Civic,WBA3C3C52EP370374,1985
Freedman,Gaffney,fgaffney1c@wufoo.com,Mercury,Civic,WDDGF4HB5CR060470,1986
Kleon,Redgrave,kredgrave1d@smugmug.com,GMC,Civic,1D7CE3BK4AS573848,2001
Rorie,Campaigne,rcampaigne1e@homestead.com,Lincoln,Civic,3D7LP2ET9AG243672,2011
Irvin,Lawson,ilawson1f@flavors.me,Saturn,Civic,WAUPL68E55A952550,1998
Lorinda,Laurentino,llaurentino1g@a8.net,BMW,Civic,JTDKN3DU3F0036055,2010
Garland,Olivelli,golivelli1h@army.mil,BMW,Civic,JTHBW1GGXE1726805,2008
Janek,Bartlosz,jbartlosz1i@smh.com.au,Toyota,Civic,WAUSF98E58A469132,2009
Jelene,Ennor,jennor1j@biblegateway.com,Ford,Civic,1N6AD0CUXCC361615,2012
Prudy,Causley,pcausley1k@nytimes.com,Pontiac,Civic,1FTSW2B51AE744994,1986
Marve,Marnane,mmarnane1l@pagesperso-orange.fr,Volvo,Civic,WBA3C3C54FK962485,2000
Janna,Rusk,jrusk1m@opera.com,Cadillac,Civic,ZHWGU5BZ7DL774690,2008
Delphinia,Hegg,dhegg1n@ow.ly,Aston Martin,Civic,1HGCP2E85AA296844,2011
Gan,Lambertini,glambertini1o@friendfeed.com,Volkswagen,Civic,WA1VFAFL6EA630080,1984
Maighdiln,Castagnone,mcastagnone1p@nih.gov,Toyota,Civic,WDDGF4HB7DF452028,2012
Dorian,Littlewood,dlittlewood1q@ucla.edu,Land Rover,Civic,3GYFNJE60BS105612,2003
Layton,Hakonsson,lhakonsson1r@multiply.com,Dodge,Civic,4USBT53575L981934,2008
Alano,Softley,asoftley1s@squidoo.com,Lexus,Civic,KNADH4A33A6531456,2008
Dalila,Kulic,dkulic1t@narod.ru,Isuzu,Civic,5TFBY5F18DX803134,1999
Brook,Shelford,bshelford1u@joomla.org,GMC,Civic,WAUAH94F38N344790,2011
Ash,Verdie,averdie1v@si.edu,GMC,Civic,WAUXL58E24A692679,1992
Kermy,Dodswell,kdodswell1w@businessweek.com,Chevrolet,Civic,SCFAD02E19G962220,2006
Sissy,Skule,sskule1x@accuweather.com,Pontiac,Civic,WBAHN03587D896172,1972
Garvy,Pengelly,gpengelly1y@sciencedirect.com,GMC,Civic,WAUHF98P98A286070,2010
Taylor,Huggens,thuggens1z@nih.gov,Dodge,Civic,1FTEW1C83AF454301,2000
Claudia,Goodsir,cgoodsir20@marketwatch.com,Chevrolet,Civic,JN1BJ0HR2FM812686,2002
Baldwin,Egdell,begdell21@yellowpages.com,Kia,Civic,1G6DS8E3XD0845184,2013
Adiana,Liebmann,aliebmann22@pinterest.com,BMW,Civic,SALME1D42BA428843,2002
Kelly,Musson,kmusson23@github.com,Mitsubishi,Civic,JTJBM7FX6E5385825,1989
Conway,Kivlin,ckivlin24@com.com,Hyundai,Civic,5GAKRBKD3FJ657860,2002
Mellisa,Montgomery,mmontgomery25@dell.com,GMC,Civic,3D73M3HL7BG201688,2004
Bard,Drewett,bdrewett26@instagram.com,GMC,Civic,1C4RDHEG0EC736359,2005
Janelle,Van der Spohr,jvanderspohr27@fastcompany.com,Hyundai,Civic,4F2CY0C70AK719107,2007
Sheffield,Herion,sherion28@so-net.ne.jp,Hummer,Civic,WVGDP9BP2ED095006,2003
Helene,Sima,hsima29@archive.org,Hummer,Civic,1G6DS5EV0A0043397,2009
Ursulina,McKinn,umckinn2a@nasa.gov,Acura,Civic,19VDE2E54EE229081,2001
Husain,Thackray,hthackray2b@xinhuanet.com,Jeep,Civic,SALAG2D40DA834688,2006
Clevie,Dragge,cdragge2c@theglobeandmail.com,Honda,Civic,JH4CL96984C753163,2007
Hyacinthe,Braithwaite,hbraithwaite2d@indiegogo.com,Pontiac,Civic,WA1DKAFP7CA759422,1984
Umberto,Le Grice,ulegrice2e@dmoz.org,Maybach,Civic,WA1UFAFL8EA397153,2009
Myca,Pigram,mpigram2f@thetimes.co.uk,Lexus,Civic,5UXFA13544L122738,2011
Stacy,Robinet,srobinet2g@loc.gov,GMC,Civic,2G4GL5EX2E9529631,2012
Hildagard,Kittredge,hkittredge2h@yale.edu,Mercury,Civic,5N1AR1NB7AC976573,1996
Peri,Bossingham,pbossingham2i@merriam-webster.com,Toyota,Civic,WAUKH98E68A063905,2006
Cyb,Capes,ccapes2j@go.com,BMW,Civic,WAUAFAFHXDN223769,2002
Laina,Pittford,lpittford2k@google.it,BMW,Civic,WBAGL63404D851850,1997
Dannel,Hulson,dhulson2l@bing.com,GMC,Civic,WA1LGAFE2DD295239,2007
Georgie,Costa,gcosta2m@artisteer.com,Lotus,Civic,1VWAH7A3XDC442381,2000
Lelia,Ties,lties2n@weebly.com,Chrysler,Civic,WDCGG5GB9AF221362,2008
Shaine,Poundford,spoundford2o@biblegateway.com,Mercedes-Benz,Civic,JTDKDTB33C1396011,2006
Tandi,Shord,tshord2p@booking.com,Ford,Civic,3FA6P0LU6FR336450,1999
Kipp,Harrowell,kharrowell2q@webmd.com,Toyota,Civic,WAULC68E85A650412,2004
Eduardo,Wintour,ewintour2r@bloglovin.com,Mitsubishi,Civic,5UXWX5C59CL246850,1987
Deana,Gowing,dgowing2s@nsw.gov.au,Land Rover,Civic,5NPE24AFXFH963686,2008
Damara,Tallquist,dtallquist2t@abc.net.au,Cadillac,Civic,5N1AT2MLXFC782290,1999
Eugenia,Trittam,etrittam2u@spotify.com,Audi,Civic,1GYUKAEF7AR294034,2007
Mackenzie,Ianizzi,mianizzi2v@boston.com,Ford,Civic,1GYS3PKJ5FR394298,1996
Ricca,Josefsohn,rjosefsohn2w@chron.com,GMC,Civic,JTEBU5JR4E5265405,1996
Brianne,Carvell,bcarvell2x@pcworld.com,Mercury,Civic,1G4HP54K924240145,2005
Justine,Riordan,jriordan2y@ask.com,Chrysler,Civic,WAUWFAFHXAN144586,1992
Adeline,Geerdts,ageerdts2z@stanford.edu,Ford,Civic,WAUPN94E68N214044,2012
Kellyann,Bodicam,kbodicam30@arstechnica.com,Honda,Civic,5UMDU93518L891018,1997
Sherwood,Swabey,sswabey31@ft.com,Pontiac,Civic,4USBU33596L575592,2008
Darbie,Dunhill,ddunhill32@bloomberg.com,Isuzu,Civic,WAULT68E74A648035,1994
Immanuel,Nenci,inenci33@nps.gov,Mercury,Civic,5UXFA13586L959771,2006
Lawton,Bastow,lbastow34@boston.com,Ford,Civic,JN1AZ4EH5DM471546,1988
Rosmunda,Joutapaitis,rjoutapaitis35@github.com,Cadillac,Civic,WBAPH7G52AN053558,1992
Davita,Ferrieres,dferrieres36@barnesandnoble.com,Volkswagen,Civic,2C3CCABG7FH254611,2009
Michele,Woodhall,mwoodhall37@vistaprint.com,Subaru,Civic,1FADP5AU4DL139909,2007
Lela,Siss,lsiss38@about.com,Mercury,Civic,WAUEH48H77K238374,1992
Tybalt,Gobert,tgobert39@miibeian.gov.cn,Nissan,Civic,WBALM7C53BE401921,1994
Jolie,Pilling,jpilling3a@tinyurl.com,Mercury,Civic,5GAKVDKDXDJ786845,2004
Dorothy,Reeder,dreeder3b@4shared.com,Maserati,Civic,WBSBL93404P023111,1991
Alfie,Spadotto,aspadotto3c@unc.edu,Toyota,Civic,WAUVC58E34A197494,2006
Cindie,Menary,cmenary3d@yale.edu,Pontiac,Civic,1G6DU6EV0A0319609,1969
Toiboid,Aglione,taglione3e@technorati.com,BMW,Civic,1G6KF57961U136428,1997
Nichols,Hickeringill,nhickeringill3f@boston.com,Acura,Civic,KNDMG4C70B6464306,2008
Claudina,Jaffa,cjaffa3g@sina.com.cn,Kia,Civic,1N6AA0CCXCN834823,2006
Sybil,Rayson,srayson3h@google.com.hk,Chevrolet,Civic,WBA3T1C58FP442572,1997
Arabele,Dron,adron3i@hud.gov,Porsche,Civic,3GYFNDEY1BS084465,1987
Ermengarde,Lowdiane,elowdiane3j@i2i.jp,Chrysler,Civic,1GT010CG8CF296439,2000
Larry,Konrad,lkonrad3k@youku.com,Toyota,Civic,2C3CDZAT3FH948156,2003
Patience,Dessaur,pdessaur3l@weibo.com,Saab,Civic,WBAVC535X7F881943,1987
Cesya,Tyre,ctyre3m@ca.gov,Subaru,Civic,WBA3A5C59CF912140,1993
Nerta,Vasyukhnov,nvasyukhnov3n@acquirethisname.com,Land Rover,Civic,1FMEU8DE4AU615961,2006
Kassey,Mount,kmount3o@posterous.com,Volkswagen,Civic,WA1YD64B14N659147,2009
Bjorn,Glader,bglader3p@google.com.au,BMW,Civic,1N4AB7AP2EN785401,1989
Orlan,Spreag,ospreag3q@bloglines.com,Lotus,Civic,1G6AJ1RX2F0533664,1992
Dimitri,MacLise,dmaclise3r@sun.com,Infiniti,Civic,WBAWC73519E476482,2006
Eliot,Chesworth,echesworth3s@amazonaws.com,Ford,Civic,WAUGN74F97N025917,2004
Butch,Aishford,baishford3t@aol.com,Lexus,GX,WVWAN7AN7EE974464,2011
Cooper,McGinny,cmcginny3u@ucoz.ru,Geo,Prizm,WUARL48H04K834752,1996
Felipe,Lightoller,flightoller3v@answers.com,Mercedes-Benz,CLK-Class,1FM5K7B8XFG184125,2008
Kelby,Hursthouse,khursthouse3w@mashable.com,GMC,Yukon,WVGEF9BP4DD915382,2010
Hobard,Swayland,hswayland3x@indiegogo.com,GMC,1500,5TDDK3DC3FS380796,1996
Mateo,Ahearne,mahearne3y@ted.com,BMW,7 Series,1G6DP567850406312,2004
Doroteya,Bolan,dbolan3z@last.fm,Mercedes-Benz,300D,1G6D05EG6A0979239,1993
Sybilla,Whitton,swhitton40@uol.com.br,Volkswagen,Jetta,1N6AF0KX7FN465266,1993
Ardath,Stratford,astratford41@economist.com,Honda,Civic,2T1BURHE4FC468734,1997
Nicolis,Liston,nliston42@europa.eu,Volkswagen,Golf III,2T1BU4EEXCC425129,1994
Wyatt,Rosingdall,wrosingdall43@ed.gov,Land Rover,Range Rover,3C3CFFER6FT630109,1996
Chaim,Dupree,cdupree44@google.ca,Mercury,Mariner,1G6DF5E51D0463338,2010
Adeline,Fusco,afusco45@mozilla.com,Volkswagen,Corrado,JH4CU2E81EC595604,1992
Angelita,Hull,ahull46@reverbnation.com,Toyota,Venza,5GADV23157D714648,2011
Mufinella,Danelut,mdanelut47@baidu.com,Pontiac,Bonneville,3D7JV1EP7BG536904,2004
Raimundo,Mungan,rmungan48@indiatimes.com,Pontiac,LeMans,1G6DM8ED4B0775570,1988
Erik,Aronow,earonow49@cdbaby.com,Land Rover,Discovery,WP1AA2A20BL524291,2008
Hadley,Petrasso,hpetrasso4a@google.cn,Mazda,626,1G6DH577180906554,1984
Gerald,Eckels,geckels4b@facebook.com,Isuzu,VehiCROSS,4T1BK3DB3AU266702,2001
Randa,Walczak,rwalczak4c@yandex.ru,Eagle,Vision,ZHWGU5BZ5DL625906,1996
Lars,Hug,lhug4d@com.com,Ford,Bronco II,1G6AB5RX9E0074510,1984
Izaak,Brake,ibrake4e@mit.edu,Toyota,Echo,WBAYF8C57FD960129,2005
Eadmund,Fossett,efossett4f@bravesites.com,Buick,Skyhawk,WAUKH78E78A117586,1988
Marie-ann,Boller,mboller4g@arstechnica.com,Mazda,MX-3,JTDKN3DU2F0509122,1994
Gunilla,Wyeth,gwyeth4h@sbwire.com,Land Rover,Discovery,1G6DN57S140643442,2001
Meta,Hildred,mhildred4i@squarespace.com,BMW,530,WAUUL58E65A918176,2007
Kyla,Naismith,knaismith4j@cbsnews.com,Land Rover,Range Rover,WVGAV7AX7CW409622,2006
Russell,Gowthrop,rgowthrop4k@home.pl,Mercedes-Benz,W201,4USCK73482L122664,1984
Glenden,Bartomieu,gbartomieu4l@t.co,Austin,Mini Cooper,1HGCP2F39CA394300,1961
Lindy,Honeyghan,lhoneyghan4m@home.pl,Infiniti,FX,WAUDK78T39A377266,2003
Hedvig,Rudwell,hrudwell4n@imdb.com,Mercury,Mystique,WAUBF78E06A425315,1999
Saxon,Moffatt,smoffatt4o@zdnet.com,Honda,Accord Crosstour,WAUYP64B21N769971,2010
Levy,Taplow,ltaplow4p@sbwire.com,Chevrolet,Express 3500,1G6DM8EV3A0623870,1997
Jerry,Gooderson,jgooderson4q@stanford.edu,Volkswagen,Jetta,5TFBW5F12AX062884,1998
Charlotta,Buckleigh,cbuckleigh4r@sphinn.com,Jaguar,X-Type,YV126MFB1F1874233,2005
Flore,Chavey,fchavey4s@pinterest.com,Ford,Expedition,SAJWA4EC7BM429215,2009
Jacky,Eldin,jeldin4t@com.com,Mazda,626,KMHTC6AD3CU672314,1989
Cornie,Van Saltsberg,cvansaltsberg4u@addtoany.com,Honda,Pilot,WAUJ2AFD7FN211672,2010
Osmund,Hedling,ohedling4v@cdc.gov,Kia,Sportage,3VW217AU6FM555991,2005
Raeann,Swiggs,rswiggs4w@csmonitor.com,Ford,Probe,5FPYK1F20DB619840,1992
Arden,Cariss,acariss4x@zimbio.com,Ford,F-Series,JTDJTUD33DD979731,1994
Gare,Pyson,gpyson4y@barnesandnoble.com,Volvo,XC90,1G6DC5E56C0752559,2011
Vivia,Alsobrook,valsobrook4z@msu.edu,Mazda,929,WDCYC3HF4EX359476,1993
Schuyler,Krammer,skrammer50@instagram.com,Suzuki,Samurai,WVWBN7ANXFE516455,1995
Jack,Yglesia,jyglesia51@twitter.com,Ford,Tempo,1FTEX1CM6CF226855,1991
Amos,Jerzycowski,ajerzycowski52@nbcnews.com,Mitsubishi,Galant,2G4WS52J021404944,2010
Ben,Sandercock,bsandercock53@youtu.be,Ford,Thunderbird,WUAW2BFC0FN982578,1984
Leta,Nodin,lnodin54@ftc.gov,Pontiac,GTO,SAJWA4DB1EL271392,1973
Deck,Merkel,dmerkel55@google.pl,Lexus,LS,WA1LGAFE0DD376191,1993
Florida,Dutnell,fdutnell56@mapy.cz,Volkswagen,Jetta,1N4AL2EP9DC552877,2008
Claiborne,Chastanet,cchastanet57@imdb.com,Cadillac,Escalade,2C3CDXDT8CH729284,2007
Ettie,Lathy,elathy58@yellowbook.com,Buick,Roadmaster,KL4CJGSB7DB940656,1994
Johannah,Saywood,jsaywood59@quantcast.com,Isuzu,Rodeo,WAUKH94F28N457537,1996
Ricki,Adamsen,radamsen5a@ustream.tv,Dodge,Ram 2500,1G4CU541X14841945,2010
Ward,Tidbold,wtidbold5b@google.com.hk,Lexus,GS,KMHEC4A40DA759474,2006
Kienan,Agett,kagett5c@about.com,Toyota,FJ Cruiser,1N4AL3AP0EC881285,2012
Clayborne,Filmer,cfilmer5d@histats.com,Ford,Ranger,1G6AZ5S37F0271681,1991
Bord,Lovekin,blovekin5e@cnn.com,Lincoln,Continental Mark VII,WAUGGBFC7CN320718,1986
Adams,Thraves,athraves5f@marriott.com,Mitsubishi,3000GT,1GKS1GEJXBR531824,1999
Dorry,Seton,dseton5g@tiny.cc,Chevrolet,Blazer,1GYS4BEF1CR226421,2001
Cassey,Buddles,cbuddles5h@nature.com,GMC,Yukon XL 2500,WAUFGBFBXBN376511,2003
Kandace,Kleinsinger,kkleinsinger5i@163.com,Ford,Transit Connect,1N6AA0EJ0FN688268,2012
Appolonia,Wakerley,awakerley5j@pbs.org,Foose,Hemisfear,3VW1K7AJ8FM780105,2007
Jeanine,Dymond,jdymond5k@discovery.com,Ford,Focus,SCFEBBAC8AG665498,2000
Matty,Lewington,mlewington5l@tamu.edu,Isuzu,Rodeo,WAUCFAFH2FN463863,2003
Kinnie,Griswood,kgriswood5m@pen.io,Volvo,S80,WA1LMAFE0CD600177,2009
Brunhilde,Itzkovsky,bitzkovsky5n@flavors.me,Rolls-Royce,Phantom,WBA4A7C5XFG467289,2006
Kennith,Windrum,kwindrum5o@xing.com,Lincoln,Mark LT,1GYFC43529R406736,2006
Sterne,Amey,samey5p@people.com.cn,GMC,Savana 1500,WBANA53565B921347,2010
Lucita,Douthwaite,ldouthwaite5q@fotki.com,Toyota,Camry,WVGAV7AX0FW256599,2006
Richart,Fattori,rfattori5r@umich.edu,Buick,Century,1FTEW1CM7EF372686,1988
Tracee,Lampaert,tlampaert5s@skype.com,Suzuki,Vitara,WAUEFAFL8EN608416,2003
Mordecai,Rust,mrust5t@upenn.edu,Subaru,Forester,1GKS1FEJ7CR827119,2008
Donal,Trammel,dtrammel5u@imdb.com,Mercury,Grand Marquis,3MZBM1U75EM929807,2005
Archibaldo,Belfelt,abelfelt5v@altervista.org,Dodge,Intrepid,WDDNG7DBXDA299783,1997
Alyson,Goldsby,agoldsby5w@biblegateway.com,Mercury,Mystique,3GYFNCE32ES044687,1999
Gennifer,Nizet,gnizet5x@canalblog.com,Ford,Thunderbird,WBAEN33424P689945,1967
Rafaelia,Cruickshanks,rcruickshanks5y@google.es,Chrysler,Town & Country,1C3CDZCB9DN723166,1998
Delmore,Abramamov,dabramamov5z@goo.ne.jp,GMC,Envoy,SCFAD01A97G635589,2002
Kial,Bortolozzi,kbortolozzi60@blinklist.com,Lincoln,LS,1FTFW1E83AK662980,2003
Brock,Shwalbe,bshwalbe61@wp.com,Mazda,MPV,WBAXG5C56CD155614,1990
Budd,Shemming,bshemming62@storify.com,Chevrolet,Aveo,1FTWW3DY5AE742275,2011
Nerta,Moneypenny,nmoneypenny63@hc360.com,Saturn,S-Series,1G4HP52K654175150,1997
Dorry,Aujouanet,daujouanet64@bloomberg.com,Audi,A6,WVWED7AJ8CW544239,1998
Jeannine,Rudolf,jrudolf65@nydailynews.com,Chrysler,Town & Country,WBS3C9C53FJ603164,1998
Kathryne,Del Dello,kdeldello66@globo.com,Pontiac,Grand Am,WBAPN7C50BA216389,1992
Jaye,Lowcock,jlowcock67@sphinn.com,Chevrolet,Silverado 3500,5UXWX7C55E0415598,2008
Elna,Greenman,egreenman68@youtube.com,Subaru,Loyale,5N1AN0NW1EN328150,1992
Gregorius,Lockton,glockton69@weibo.com,Geo,Tracker,1GYS4AEF1ER138935,1992
Gerick,Candlish,gcandlish6a@shop-pro.jp,Chevrolet,Colorado,WBALZ5C58CD968042,2012
Doralyn,Durbin,ddurbin6b@shareasale.com,Chrysler,300M,SCFBB03B18G499668,2001
Leonid,Dorman,ldorman6c@state.gov,Mazda,MPV,1FTEW1CW7AK948151,1996
Carmencita,Ferbrache,cferbrache6d@cyberchimps.com,Acura,RL,JH4DC53094S872154,2007
Cecil,Harmar,charmar6e@patch.com,Toyota,Corolla,5LMJJ2H56AE557120,1994
Taddeusz,Clowton,tclowton6f@huffingtonpost.com,Mazda,RX-7,SCBGR3ZA1CC718079,1985
Lindsay,Manuaud,lmanuaud6g@shutterfly.com,Mercedes-Benz,SL-Class,JN1CV6EK0EM841038,1987
Harrie,Millea,hmillea6h@istockphoto.com,Ram,2500,1GTN1TEX9BZ398740,2011
Jakie,Cankett,jcankett6i@paypal.com,Ford,Taurus,WBA3A5C58EP706403,2002
Oran,Ben,oben6j@uol.com.br,Cadillac,Eldorado,WDDLJ7DB0EA482913,2000
Aldric,Few,afew6k@google.com.br,GMC,Yukon XL 1500,1C4SDJCTXCC535526,2001
Erek,Hoonahan,ehoonahan6l@ted.com,GMC,Vandura 3500,1GD312CG9DF684589,1992
Filia,Charity,fcharity6m@blogspot.com,Infiniti,G,1G6AL5SX2E0213223,2008
Philippe,Virgo,pvirgo6n@wp.com,Chevrolet,Corvette,WBADN53491G081052,1964
Lilas,Barry,lbarry6o@aboutads.info,Jaguar,S-Type,WVGFF9BP3BD800631,2008
Sari,Wavish,swavish6p@de.vu,GMC,Vandura 1500,WA1YL64B05N001534,1994
Chic,Mayell,cmayell6q@psu.edu,Mitsubishi,Challenger,WP0AB2A96BS421896,1998
Debee,Erett,derett6r@vistaprint.com,Ford,Mustang,5J8TB18237A074327,1991
Lynsey,Perigeaux,lperigeaux6s@cloudflare.com,Pontiac,Bonneville,1NXBU4EE1AZ806976,1993
Carmelia,Farrall,cfarrall6t@youku.com,Eagle,Talon,WBAKF3C57BE471906,1993
Malia,Hail,mhail6u@dailymotion.com,Maybach,Landaulet,55SWF4JB9FU911582,2009
Martainn,Rennock,mrennock6v@paginegialle.it,Chrysler,Town & Country,2GKALMEK2D6695323,2012
Margarethe,McCool,mmccool6w@tamu.edu,Nissan,Xterra,WAUHF98P49A032381,2001
Garvin,Binny,gbinny6x@smugmug.com,Honda,Accord Crosstour,19VDE1F30DE611517,2011
Lyndsie,Naisey,lnaisey6y@friendfeed.com,Land Rover,Defender 90,NM0AE8F79F1036973,1994
Arron,Averill,aaverill6z@pen.io,Mercedes-Benz,400E,5FPYK1F21CB754260,1993
Griswold,Cubitt,gcubitt70@weather.com,Mercury,Sable,KL4CJGSB1FB641991,1993
Winonah,Eggar,weggar71@businessinsider.com,Mitsubishi,Galant,1FTSW2A57AE665928,1984
Fidel,Bortolussi,fbortolussi72@noaa.gov,Ford,Econoline E150,19UUA9F73EA162019,1993
Noella,Skehens,nskehens73@nba.com,Subaru,Outback Sport,4USBT334X4L408925,2002
Riobard,Letchford,rletchford74@bandcamp.com,Dodge,Stratus,WA1CV94L77D949999,2001
Dukey,Barrabeale,dbarrabeale75@dagondesign.com,Chevrolet,Express 3500,WAUJT68E93A864779,2010
Bil,Kliner,bkliner76@accuweather.com,Honda,S2000,WDDGF4HB7DG990612,2008
Vania,Beglin,vbeglin77@shinystat.com,Chevrolet,Aveo,1C3CDFEB5FD916208,2008
Camila,Bilbie,cbilbie78@eepurl.com,Pontiac,GTO,WA1VMAFE6CD227395,1967
Donielle,Colvill,dcolvill79@edublogs.org,Mitsubishi,Pajero,WUARL48H86K863242,1986
Cyndie,Muslim,cmuslim7a@newsvine.com,Kia,Rondo,WVWBB7AJXDW505212,2009
Mari,Vaud,mvaud7b@hatena.ne.jp,Mercedes-Benz,SL-Class,2T1BU4EE1CC742815,2004
Arturo,Bigg,abigg7c@accuweather.com,Ford,F150,1G6KD5E68BU146006,2003
Katie,Bloodworth,kbloodworth7d@wix.com,Saturn,Aura,1FTWF3D58AE970292,2009
Carmencita,Ayscough,cayscough7e@biblegateway.com,Mitsubishi,Pajero,WDDNG7BB7BA970861,2000
Alexia,Domel,adomel7f@earthlink.net,Acura,RL,KMHGH4JH0DU214919,1999
D'arcy,Blancowe,dblancowe7g@nyu.edu,Chevrolet,Cobalt,WDDHF2EB2BA975268,2010
Teddy,Paine,tpaine7h@china.com.cn,Isuzu,Oasis,WBSPM9C51AE877656,1996
Guthry,Rominov,grominov7i@taobao.com,Ford,E-350 Super Duty Van,1GYFK26249R247761,2006
Rudy,Yorston,ryorston7j@goo.ne.jp,Mercury,Monterey,WAUKH94F18N367294,2005
Benedikt,Elsom,belsom7k@freewebs.com,Suzuki,Cultus,YV1902MM5F1335073,1985
Saxon,Choake,schoake7l@google.nl,Oldsmobile,Bravada,WBA3V9C5XEP921857,1996
Thacher,Stoodale,tstoodale7m@booking.com,Mercury,Marquis,2G4GT5GR4C9032494,1986
Eliot,Nutt,enutt7n@dell.com,Maserati,Karif,1GKS1GEJ1DR648016,1989
Yolanda,Ecclestone,yecclestone7o@fema.gov,Volkswagen,Phaeton,1G6AY5SX3E0550842,2006
Alair,Sowerby,asowerby7p@goodreads.com,Honda,Accord,WDCYC3HF8EX065806,2011
Kizzie,Seabert,kseabert7q@fastcompany.com,Volvo,S60,WBAUN13569V195681,2003
Ryun,Spatari,rspatari7r@issuu.com,Hyundai,Tucson,WBAUP7C50CV578598,2012
Maury,Van der Beek,mvanderbeek7s@theglobeandmail.com,Nissan,240SX,WBY2Z2C58EV754466,1998
Nell,Bramley,nbramley7t@t-online.de,Infiniti,G35,1FTWX3D51AE919875,2003
Pail,Dewsnap,pdewsnap7u@toplist.cz,Buick,Regal,SAJWA4DC1EM642862,1990
Hy,Este,heste7v@census.gov,Subaru,Outback,WBAEJ134X3A132881,2002
Jonis,Rame,jrame7w@list-manage.com,BMW,Z4,5TFCM5F19AX196382,2004
Harwell,Shambrook,hshambrook7x@rakuten.co.jp,Chrysler,Concorde,WBADX1C53DJ000520,2000
Tedd,Dreakin,tdreakin7y@newyorker.com,Mitsubishi,Starion,WBAXH5C57DD526987,1989
Mariel,Lemin,mlemin7z@ca.gov,Toyota,Tundra,SCFHDDAJ7CA289075,2010
Micheline,Ryves,mryves80@jimdo.com,Suzuki,SX4,1GKS1AEC1FR198580,2007
Denice,Halpeine,dhalpeine81@amazon.com,Mercury,Capri,3VWF17AT2FM780885,1986
Alfonse,Matovic,amatovic82@cargocollective.com,Ford,Galaxie,4T1BD1EB3FU557012,1964
Loutitia,Assel,lassel83@unc.edu,Mazda,B-Series,WBA3B1C59F5969986,2003
Iorgos,Mitchelhill,imitchelhill84@scientificamerican.com,BMW,7 Series,1GKKRNED7EJ147350,2003
Laural,Mundell,lmundell85@prnewswire.com,Subaru,Forester,WAUEF98E78A807126,2012
Bernadine,Lukes,blukes86@berkeley.edu,Honda,CR-V,WAUEF48H97K217709,2001
Jaine,Bushaway,jbushaway87@icio.us,Ford,F-250 Super Duty,2HNYB1H66CH876772,2006
Cecil,O'Brien,cobrien88@g.co,Lamborghini,Aventador,1G4GB5ERXCF974790,2012
Saba,Pawelczyk,spawelczyk89@indiegogo.com,Subaru,Legacy,WAUHF78P06A464885,2001
Pancho,Cuckson,pcuckson8a@elpais.com,Chevrolet,Corvette,SCBBR9ZA5DC410914,1957
Pernell,Benford,pbenford8b@last.fm,Suzuki,X-90,YV426MDB3F2027276,1998
Conant,Canton,ccanton8c@ycombinator.com,Ford,F250,WAUPEAFM7BA330793,1993
Cliff,Abbatucci,cabbatucci8d@mapquest.com,Cadillac,Fleetwood,JN1BY1PR7FM058994,1992
Portie,Margetts,pmargetts8e@about.me,Daihatsu,Charade,1G6DK8EV1A0226440,1992
Erin,Domniney,edomniney8f@samsung.com,Acura,RSX,1G4GC5G37FF051841,2004
Sky,Casburn,scasburn8g@baidu.com,Audi,S5,WAUKD78P79A783023,2012
Kippie,Rickardsson,krickardsson8h@de.vu,Chevrolet,Volt,KNAFT4A25B5108884,2012
Carolin,Haile,chaile8i@topsy.com,Chevrolet,Camaro,WBSBR93401E631264,1985
Em,Wadworth,ewadworth8j@kickstarter.com,Volkswagen,Cabriolet,WAUAF48H57K055673,1999
Emmeline,Leadbeater,eleadbeater8k@miitbeian.gov.cn,Volkswagen,Cabriolet,JTDBT4K34B4290432,1996
Adena,Mundle,amundle8l@cbc.ca,Mazda,MX-6,3LNHL2GC5AR516390,1991
Dierdre,Norfolk,dnorfolk8m@dailymail.co.uk,Cadillac,Escalade EXT,WAUEG78E76A366712,2003
Rosanna,Guiton,rguiton8n@shop-pro.jp,Chevrolet,Equinox,KMHCM3ACXAU384645,2005
Nick,Priter,npriter8o@howstuffworks.com,Volkswagen,Golf,WA1DGAFE9CD636655,2004
Allsun,Bicker,abicker8p@sitemeter.com,Infiniti,G25,3D7TT2HT6BG003360,2011
Chick,MacArthur,cmacarthur8q@auda.org.au,BMW,6 Series,1G4GG5E38CF939050,2009
Evan,Comsty,ecomsty8r@i2i.jp,Chevrolet,TrailBlazer,ZHWGU5BZ0DL119089,2003
Valdemar,Bernette,vbernette8s@elegantthemes.com,Cadillac,DeVille,WAULV94E89N026559,1996
Arty,Rochewell,arochewell8t@skyrock.com,Ford,Contour,1N6AD0CW8FN153968,1995
Amos,Larciere,alarciere8u@disqus.com,Volvo,C70,WAUHGBFCXEN261137,2002
Myer,Metham,mmetham8v@ibm.com,Volkswagen,Touareg,JM3TB2BV4D0227314,2004
Virgil,Frensche,vfrensche8w@state.gov,Toyota,Prius,WAUXL58E75A340876,2010
Pia,Lambot,plambot8x@ovh.net,Mitsubishi,Pajero,1FMJK1HT3FE034022,1992
Nealon,Gye,ngye8y@phoca.cz,Jeep,Wrangler,1G6DJ8E35D0230092,2010
Marissa,Nalder,mnalder8z@cnet.com,Plymouth,Breeze,1G4CU541454890533,1996
Lennard,Ounsworth,lounsworth90@behance.net,Mercury,Mountaineer,KMHHT6KJ8FU240607,2010
Amity,Binch,abinch91@vkontakte.ru,Chevrolet,Cobalt,SAJWA4EB2EL274008,2007
Ricky,Corston,rcorston92@soup.io,Pontiac,Firefly,KMHHT6KD5DU928989,1989
Minne,Mosedale,mmosedale93@nbcnews.com,Buick,LaCrosse,3GTU2YEJ1BG480642,2011
Sid,Osgar,sosgar94@biblegateway.com,Aston Martin,V8 Vantage S,1G4HP54K334539647,2012
Gerek,Sackett,gsackett95@umn.edu,Saab,9-2X,5UXFG2C53CL318804,2005
Armin,Sofe,asofe96@cpanel.net,Hyundai,Elantra,WBA3B3C51EF615612,1992
Kenon,Lyvon,klyvon97@home.pl,Jaguar,XJ Series,WAUEH78E66A846155,2002
Caresa,Winspeare,cwinspeare98@ucoz.com,Buick,Regal,2C3CDYCJXEH716285,2003
Ellette,Latty,elatty99@t.co,Lexus,IS,1G4PR5SK8C4728917,2009
Jillie,Le Leu,jleleu9a@nhs.uk,Lincoln,Town Car,1GKS1AKC8FR615228,2011
Marlane,Hartfield,mhartfield9b@wikia.com,Pontiac,Tempest,4T1BF1FK4EU240931,1961
Laetitia,Sherman,lsherman9c@answers.com,Volkswagen,Phaeton,KNAFT4A22D5804072,2006
Yul,Gaunter,ygaunter9d@amazon.de,Pontiac,6000,1FADP3E29DL229392,1984
Lorant,Pavek,lpavek9e@virginia.edu,Kia,Amanti,1G6DX67D170100341,2004
Terry,Charrington,tcharrington9f@salon.com,Scion,tC,1G6DG8EY3B0811002,2008
Selena,Burchall,sburchall9g@unesco.org,Ford,Edge,2HNYD2H60CH400906,2010
Dasha,Crown,dcrown9h@google.cn,Volkswagen,Touareg,1G6DJ8E37D0350699,2004
Lilyan,Inkpin,linkpin9i@xrea.com,Cadillac,Seville,1G6KE54Y25U521991,2001
Davy,Thomkins,dthomkins9j@woothemes.com,Buick,Century,JN1BV7AP8FM598549,1992
Peggie,Baddeley,pbaddeley9k@blinklist.com,Eagle,Talon,JN1CV6FE0EM551228,1996
Dione,Hulkes,dhulkes9l@wiley.com,Lincoln,Town Car,5N1AT2MKXFC367378,2006
Isidore,Yellop,iyellop9m@usatoday.com,Chevrolet,Silverado 3500HD,KNAFK4A68E5972886,2006
Patrice,Hoodlass,phoodlass9n@cloudflare.com,Volkswagen,Golf,1FMCU4K37AK313030,1997
Judy,Salery,jsalery9o@aol.com,Volkswagen,Passat,WAUHF98PX6A625495,2012
Gisela,Oxbury,goxbury9p@examiner.com,Audi,S4,5N1AN0NU0FN352939,2006
Jeannie,Carryer,jcarryer9q@cmu.edu,GMC,Envoy,WAULH64B21N392677,1999
Adena,Asch,aasch9r@ovh.net,Chevrolet,Corvette,WAUKF78E77A894774,2005
Sigfrid,Wickersham,swickersham9s@whitehouse.gov,Chevrolet,Impala,WVGEF9BPXED717312,2000
Pierette,McRamsey,pmcramsey9t@yolasite.com,Mazda,323,WBA3B5C52FP602147,1994
Darbee,Wolver,dwolver9u@wordpress.org,Toyota,Highlander,JTHBL5EF2B5375550,2011
Loydie,Aysh,laysh9v@bbc.co.uk,Toyota,4Runner,JTEBU5JR3C5850294,2012
Jerrine,Ruckhard,jruckhard9w@nba.com,Volkswagen,R32,WAUVC68E63A080187,2008
Wilfred,Toffoloni,wtoffoloni9x@shop-pro.jp,Mazda,B-Series,2G4GS5EV8C9540924,2000
Patrizio,Zanre,pzanre9y@list-manage.com,Mitsubishi,Diamante,WA1CGBFE7CD059299,1994
Darlleen,Heskey,dheskey9z@ovh.net,Mazda,Familia,JN1AZ4EH7AM405625,1992
Lillian,Hutchason,lhutchasona0@dailymotion.com,Mazda,Familia,WA1LFBFP9DA986697,1985
Rubetta,Harfleet,rharfleeta1@e-recht24.de,BMW,Z3,1GYS4AEF9DR162317,1997
Krissie,Giffaut,kgiffauta2@discovery.com,Mazda,B-Series Plus,3D7TT2HT6BG181348,2002
Tuesday,Crinkley,tcrinkleya3@cisco.com,Dodge,Aspen,WAUJGAFD1FN167461,1976
Lorry,Hadcroft,lhadcrofta4@businesswire.com,Cadillac,Eldorado,WAUJT58E63A745386,1996
Ev,Smurfitt,esmurfitta5@businesswire.com,Aston Martin,Rapide,SCFAB22391K738663,2010
Melinde,Cochran,mcochrana6@hatena.ne.jp,Ford,Bronco II,5LMJJ2H52BE276451,1988
Amabelle,Laba,alabaa7@earthlink.net,Chevrolet,Express 3500,19UUA66226A941545,1998
Felike,Moodycliffe,fmoodycliffea8@washingtonpost.com,Buick,Enclave,5LMJJ3J51CE943060,2008
Rolph,Shimmin,rshimmina9@icq.com,Audi,A8,WA1VMBFE6AD445372,2005
Brucie,Kovalski,bkovalskiaa@arizona.edu,Chevrolet,S10,WBA3B3C50FJ717353,2000
Johannah,Vesty,jvestyab@i2i.jp,Porsche,Boxster,JN8AF5MR0BT677435,2013
Blayne,Leedal,bleedalac@cornell.edu,Toyota,4Runner,JN1AZ4EH4FM922887,2007
Davy,Downing,ddowningad@tinypic.com,Mercedes-Benz,S-Class,2C4RDGDG4CR093370,1988
Martguerita,Huison,mhuisonae@storify.com,Chevrolet,Uplander,KNDMG4C78E6068273,2007
Gardy,Risbie,grisbieaf@narod.ru,Pontiac,Grand Prix,1N4AB7APXEN828253,1967
Demetria,O'Lochan,dolochanag@techcrunch.com,Mitsubishi,Eclipse,KMHTC6ADXDU684638,1997
Harriette,Tall,htallah@loc.gov,Saab,900,WVGAV7AX7AW839695,1997
Krisha,Fisby,kfisbyai@storify.com,Toyota,T100,TRUTC28N461345718,1994
Sanford,Scotti,sscottiaj@ox.ac.uk,GMC,Sierra Denali,3G5DB03E73S325882,2006
Jay,Alu,jaluak@berkeley.edu,BMW,X6 M,SCBDR33W37C838463,2011
Celine,Treppas,ctreppasal@webnode.com,Lexus,LS,2HNYD18201H560532,2003
Mady,Pendlebury,mpendleburyam@japanpost.jp,Land Rover,Freelander,5N1AN0NW1DN462803,2010
Austine,Sambells,asambellsan@miitbeian.gov.cn,Volvo,V70,WAUUL98E98A385638,2002
Kevin,Kittiman,kkittimanao@discuz.net,Chevrolet,Astro,WBA3B3C57EF945528,2003
Robinia,Sheivels,rsheivelsap@theglobeandmail.com,Chevrolet,Caprice Classic,SCBLC47J58C059049,1995
Darlleen,Du Plantier,dduplantieraq@soup.io,GMC,Rally Wagon G3500,WA1DMAFP9EA013339,1996
Fanchette,Fockes,ffockesar@omniture.com,Saturn,S-Series,19UYA42753A178794,2002
Linzy,Feifer,lfeiferas@paginegialle.it,Ford,F150,WBA3T3C50FP584586,1993
Cesya,Suttling,csuttlingat@google.pl,Porsche,944,3D7TP2CT6BG807900,1989
Haroun,Stillmann,hstillmannau@cbsnews.com,Mercedes-Benz,W201,1FTNF2B58AE472425,1987
Carita,Peggs,cpeggsav@ask.com,Hyundai,Elantra,3C6TD5MT4CG345297,2003
Base,Strangman,bstrangmanaw@tiny.cc,Mercedes-Benz,Sprinter 2500,1G4GG5G39DF725182,2012
Carolyne,Cave,ccaveax@ustream.tv,Mazda,MPV,JTDKN3DU5B0634335,2003
Annnora,Gettins,agettinsay@homestead.com,Bentley,Continental,3N1CN7AP2DL751129,2005
Cozmo,Kaspar,ckasparaz@theglobeandmail.com,Toyota,Yaris,WBA3T1C57FP921761,2010
Gracie,Dunn,gdunnb0@gov.uk,GMC,Sierra 3500,WAUGL78E88A273270,2005
Vaughan,Cullinan,vcullinanb1@qq.com,Pontiac,Montana SV6,SALFR2BG9DH895025,2006
Lilith,Okill,lokillb2@google.ca,Honda,Odyssey,1N6AA0CA3AN874365,2007
Lurlene,Margrie,lmargrieb3@howstuffworks.com,Chevrolet,Sportvan G20,JTHFN2EY3A9568812,1992
Conney,Dearman,cdearmanb4@hp.com,Chevrolet,Avalanche,1G6DC5EG4A0241284,2002
Pierson,Zipsell,pzipsellb5@dion.ne.jp,Dodge,D150 Club,WDDGF4HB7ER831255,1992
Jacquetta,Crewdson,jcrewdsonb6@google.de,Volvo,960,WAUMFBFL0DN860290,1997
Melloney,Chevins,mchevinsb7@theguardian.com,GMC,Safari,JHMGE8G36CS074318,1996
Sibel,Guillou,sguilloub8@yahoo.com,Mazda,B-Series,WBALW3C52CC971120,1997
Connie,Letrange,cletrangeb9@goo.ne.jp,Lexus,LX,SCFEDCAD4CG427630,2002
Delcine,Dawidsohn,ddawidsohnba@home.pl,Mazda,MX-5,1HGCR2E38DA709455,2012
Dorothee,Fussie,dfussiebb@twitter.com,Ford,F-Series,1GTN1UEH8FZ869958,1987
Faustine,Willbraham,fwillbrahambc@cnbc.com,Ford,EXP,2G4WD552461584532,1985
Bobine,Theurer,btheurerbd@posterous.com,Dodge,Ram 3500,1GTN1TEH1FZ949192,2009
Bertie,Tunbridge,btunbridgebe@networksolutions.com,Cadillac,CTS,WBAEV53424K270468,2006
Forster,Cheevers,fcheeversbf@wp.com,Saab,5-Sep,WBAEV53493K057760,2004
Ximenes,Tall,xtallbg@addtoany.com,Suzuki,Sidekick,1C4RDHDG0CC632632,1997
Gerard,Steger,gstegerbh@toplist.cz,Oldsmobile,Achieva,5N1AZ2MH8FN700880,1997
Deni,Yoxen,dyoxenbi@umich.edu,Audi,200,1G6DU6EV6A0595101,1990
Jasmin,Campione,jcampionebj@epa.gov,Mitsubishi,RVR,JTDKDTB36F1867928,1994
Maible,McCaw,mmccawbk@xinhuanet.com,Mitsubishi,Lancer Evolution,19XFB2E54EE089963,2010
Elnora,Trowler,etrowlerbl@twitpic.com,Chevrolet,Silverado 3500,1FTEW1CM1EF483797,2010
Darius,Linnett,dlinnettbm@nih.gov,Mercedes-Benz,E-Class,SCFEBBAK7CG209311,1987
Danni,Yockney,dyockneybn@ibm.com,Eagle,Vision,WAUBH78E56A417883,1993
Deane,Spinke,dspinkebo@bluehost.com,Toyota,RAV4,SAJWJ1CD5F8200542,2006
Woodman,Capstake,wcapstakebp@answers.com,Dodge,Ram Van B350,WA1WMBFE0FD504797,1994
Brunhilde,Spreadbury,bspreadburybq@stumbleupon.com,Lexus,LS,1FTEW1CM2EK411966,2012
Margie,Jizhaki,mjizhakibr@miitbeian.gov.cn,Buick,Roadmaster,KMHTC6AD5FU313941,1991
Austin,de Courcy,adecourcybs@usatoday.com,Lamborghini,Countach,WDDGF4HB6CA688987,1986
Shelba,Cleaton,scleatonbt@mashable.com,Volkswagen,Routan,5TFBY5F15AX688889,2010
Hermione,Orcas,horcasbu@adobe.com,Chevrolet,Suburban 1500,JH4KC1F39EC265219,1994
Erminia,Mangan,emanganbv@kickstarter.com,Buick,Riviera,KMHHT6KD7AU329345,1992
Jae,Perillio,jperilliobw@state.tx.us,GMC,Vandura 1500,JM1DE1HY6B0763002,1993
Lavinie,Bullion,lbullionbx@reuters.com,Lexus,GS,1FT7W2A68EE917559,2008
Daniele,Dyte,ddyteby@sogou.com,Volkswagen,Jetta III,WBA3A9C51CF973585,1994
Rainer,Diggin,rdigginbz@quantcast.com,Dodge,Viper,JN1BV7AP7FM263783,1998
Jerrome,Angrave,jangravec0@prlog.org,Chevrolet,Corvette,JH4CW2H69EC662521,1988
Neda,Pozzi,npozzic1@columbia.edu,GMC,Safari,WA1FFCFS9FR296119,2000
Rolph,Josuweit,rjosuweitc2@123-reg.co.uk,Mazda,MPV,3GYFNAE3XCS138429,2002
Cherice,Aspinall,caspinallc3@networkadvertising.org,Ford,Ranger,WDDLJ7DB8EA435595,1985
Sharity,Praill,spraillc4@cam.ac.uk,Mazda,B-Series,1FTEW1CF8FK879431,1992
Bren,Cozby,bcozbyc5@chronoengine.com,Toyota,Solara,KMHGC4DD4CU225735,1999
Bax,Noar,bnoarc6@jiathis.com,Jeep,Cherokee,WBAVA37508N679317,1996
Janeczka,Dran,jdranc7@boston.com,Lexus,ES,JTHBC1KS4B5177417,2003
Matias,Clapp,mclappc8@ovh.net,GMC,Sierra 3500HD,3C3CFFER6ET970259,2006
Nathalia,Pendre,npendrec9@google.com.br,MINI,Cooper,3G5DB03E63S485378,2009
Elvis,McGrirl,emcgrirlca@pinterest.com,Audi,A6,3LN6L2G9XFR542373,2006
Dominic,Casolla,dcasollacb@google.co.jp,Toyota,Celica,NM0KS9ANXAT857263,2004
Jacinda,Coffelt,jcoffeltcc@behance.net,Dodge,Sprinter,1C4NJCBA7DD070670,2009
Fayth,Menendez,fmenendezcd@admin.ch,Mercedes-Benz,CLK-Class,WAUKG58E55A267991,2008
Pattie,McGennis,pmcgennisce@domainmarket.com,Infiniti,I,WBA4B1C53FD673985,1997
Dari,Shallow,dshallowcf@google.fr,Mercedes-Benz,S-Class,WBALW3C53DC589390,2003
Kalle,Manford,kmanfordcg@arstechnica.com,Nissan,Sentra,WA1EV94L18D331023,2011
Padgett,Yvon,pyvonch@technorati.com,Ford,Expedition EL,WP0AB2A97FS967256,2008
Trever,McGrorty,tmcgrortyci@businesswire.com,BMW,X3,WAUAFAFH1BN938727,2008
Algernon,Baglow,abaglowcj@umn.edu,Kia,Rio,WBAPH7G56BN573537,2003
Wallace,Yanne,wyanneck@nbcnews.com,Land Rover,Discovery,WBANV135X8B000346,2005
Pattie,Bauchop,pbauchopcl@comsenz.com,Mercury,Grand Marquis,WAUSF98EX7A970533,1990
Hermon,Blackstock,hblackstockcm@hao123.com,Chrysler,Town & Country,3D7TP2CT3BG001822,1993
Othello,Jerisch,ojerischcn@google.com.br,Hummer,H1,WAUGN74F49N064062,1998
Vinnie,Tooth,vtoothco@narod.ru,Kia,Carens,1GYUKEEJ5AR636950,2009
Eugenius,Welham,ewelhamcp@myspace.com,Mazda,Mazda6,5NPDH4AE3DH952835,2007
Pamelina,Phoenix,pphoenixcq@un.org,Ford,F150,1FTNF2A50AE669316,2001
Layney,Easen,leasencr@dyndns.org,Chevrolet,Traverse,1G6AR5SX7F0248002,2011
Doria,Prattington,dprattingtoncs@cdc.gov,Saab,3-Sep,1G6KD57YX2U324870,2010
Regina,Alsopp,ralsoppct@businessinsider.com,Chevrolet,Corvette,1FTEX1CM7CF313745,1961
Morgen,Arguile,marguilecu@unesco.org,Daewoo,Nubira,WVWAP7ANXEE106436,2000
Bee,Coning,bconingcv@comcast.net,GMC,Yukon,WAUMFAFL3CA738149,2009
Bev,Cossons,bcossonscw@list-manage.com,Ford,LTD,JTMHY7AJ5A4604391,1984
Chlo,Stodart,cstodartcx@aol.com,Spyker,C8 Double 12 S,1N6AF0KY1FN653483,2006
Benoite,Dene,bdenecy@japanpost.jp,Acura,TL,2HNYD186X3H467961,2001
Mathilda,Battrick,mbattrickcz@geocities.jp,Aston Martin,Vanquish S,WBAUC9C52DV163582,2006
Valentina,Maffy,vmaffyd0@nih.gov,Ford,F-Series,WBAUC9C51DV384199,2011
Lindsay,Oldroyde,loldroyded1@chron.com,Pontiac,Bonneville,5UXZV4C57BL359062,1967
Chicky,Hallifax,challifaxd2@about.me,Chrysler,Cirrus,1FMJK1F52AE304838,1995
Farrel,Strickett,fstrickettd3@ca.gov,Porsche,Cayenne,WAUSH78E57A344600,2010
Raimondo,Belk,rbelkd4@seesaa.net,Ford,Ranger,1GTN1TEH1FZ114421,1989
Tiffi,Boribal,tboribald5@dedecms.com,Chevrolet,Tahoe,19UUA9E56EA352350,2012
Marlyn,Pigram,mpigramd6@ihg.com,Dodge,Durango,WBASP2C50CC553092,2006
Lorilee,Houldin,lhouldind7@stumbleupon.com,Kia,Soul,JN8AZ1MU9AW285412,2010
Victoria,Aucourte,vaucourted8@histats.com,GMC,Safari,JTEBU5JR5C5288477,1995
Emmye,Maas,emaasd9@pen.io,Volkswagen,GTI,1G4GF5G38FF864581,2009
Cookie,Josefsohn,cjosefsohnda@slashdot.org,Volkswagen,GTI,2G4GN5EX7F9782343,2000
Blisse,Miere,bmieredb@huffingtonpost.com,Ford,Mustang,2T1BURHE8FC266155,1966
Iolanthe,Hawkswood,ihawkswooddc@shop-pro.jp,Nissan,240SX,1FTSW2B55AE602521,1992
Verge,Gorusso,vgorussodd@va.gov,Hyundai,Sonata,2G4WY55J521570581,2007
Valerye,Beney,vbeneyde@google.ca,Dodge,Dakota Club,1G6AB5R36F0719032,1995
Vincenz,Barley,vbarleydf@cloudflare.com,Mitsubishi,GTO,WDDNG9FB1DA575101,1991
Mureil,Blundel,mblundeldg@geocities.jp,Nissan,300ZX,JH4DC54805S316711,1991
Modestia,Mattys,mmattysdh@amazon.com,Ford,Club Wagon,1GYS4HEF6ER298768,1998
Tressa,Osbaldstone,tosbaldstonedi@discovery.com,Mercedes-Benz,Sprinter,1B3BD2FB1BN814148,2010
Lanae,Saunter,lsaunterdj@constantcontact.com,Audi,Allroad,WBAWR33537P288703,2001
Dimitri,Flockhart,dflockhartdk@canalblog.com,Ford,Laser,5N1AR1NB3AC446438,1989
Cart,Brunner,cbrunnerdl@51.la,GMC,Envoy,2C3CDXCT0FH884577,1998
Luca,Bampkin,lbampkindm@who.int,Mazda,Mazda6,5TDBKRFH3ES977979,2003
Ivy,Vallack,ivallackdn@biglobe.ne.jp,Mitsubishi,Mighty Max,WAU3VAFR2BA702499,1986
Aleda,Franzolini,afranzolinido@unesco.org,Volkswagen,riolet,1G6DJ8EYXB0518022,1992
Mavra,Tibols,mtibolsdp@unblog.fr,Volvo,XC90,WBY2Z2C57FV820863,2004
Kelcy,Leyman,kleymandq@google.com,Audi,S8,2LMHJ5ATXCB306812,2007
Flory,Petrak,fpetrakdr@livejournal.com,Lexus,GX,5UXWX9C58DL056725,2008
Domenic,Anselm,danselmds@seattletimes.com,Audi,S6,WBANE73567C844122,2003
Alejandrina,Vickerstaff,avickerstaffdt@go.com,Buick,Regal,19UUA8F72CA263902,1989
Dirk,Burgett,dburgettdu@wikispaces.com,Infiniti,G,WVWGU7AN6AE937798,2011
Johnny,Basnall,jbasnalldv@so-net.ne.jp,Chevrolet,Camaro,JN1AZ4EH1DM658637,1994
Deidre,Pargent,dpargentdw@usa.gov,Pontiac,Grand Prix,1G4HP52K13U801121,1993
Robby,Willarton,rwillartondx@simplemachines.org,Volkswagen,Cabriolet,1GKS1CKJ4FR685710,1995
Lisa,Bretherick,lbretherickdy@fotki.com,Ferrari,California,WA1VMBFEXAD658082,2010
Richart,Abazi,rabazidz@stumbleupon.com,Nissan,350Z,WAUDV74F07N744153,2006
Harri,Wickendon,hwickendone0@macromedia.com,Chevrolet,Express 2500,WBAGN63482D038988,2007
Maurits,Cardall,mcardalle1@alibaba.com,Nissan,Frontier,2C3CA3CV0AH659264,2005
Leann,Eisikowitch,leisikowitche2@bigcartel.com,Toyota,Corolla,JTHBL5EF4B5503660,2002
Roseline,Lindenberg,rlindenberge3@fda.gov,Suzuki,Grand Vitara,1N6AF0KY6FN830948,2002
Patrice,Barense,pbarensee4@imageshack.us,Volkswagen,Passat,WDDGF4HB1EA916638,1998
Lek,Mouat,lmouate5@webs.com,Pontiac,Safari,3C6TD4DT6CG643523,1988
Davon,Feldmark,dfeldmarke6@123-reg.co.uk,Ford,Mustang,SCBCR7ZA9AC412525,1983
Tomasine,Clymer,tclymere7@reverbnation.com,Volkswagen,Jetta,KNAFX6A8XE5164862,1985
Karlen,Valerius,kvaleriuse8@apple.com,Chrysler,Town & Country,2FMGK5BC1AB891485,2012
Maxine,Pessel,mpessele9@163.com,Lincoln,Continental,1GT01XEG7FZ712912,2000
Nancee,Eggar,neggarea@ehow.com,Land Rover,Range Rover,19VDE1F5XFE179376,2004
Ingamar,Olenchikov,iolenchikoveb@abc.net.au,BMW,7 Series,5J6TF3H39CL250409,1998
Johann,Denholm,jdenholmec@blogs.com,GMC,Savana Cargo Van,4A4AP3AU5DE722438,2006
Bethany,Morrallee,bmorralleeed@netlog.com,Subaru,Forester,3N1BC1AP2BL197697,2011
Wake,Guterson,wgutersonee@bloomberg.com,Eagle,Talon,4T1BK1EB6EU591286,1992
Obie,Farrens,ofarrensef@sbwire.com,Chrysler,PT Cruiser,5TFAW5F12FX508700,2007
Mellicent,Josef,mjosefeg@mashable.com,Acura,SLX,19UUA66265A565298,1998
Katharyn,Bompass,kbompasseh@amazon.co.uk,Chevrolet,Corvair 500,1G6DC8E35E0327658,1963
Oliy,Eldered,oelderedei@ebay.com,Acura,NSX,5TFBW5F17BX206169,1992
Torey,Fasset,tfassetej@cafepress.com,Isuzu,Rodeo,19UUA66205A681953,2000
Alfons,Pawlyn,apawlynek@parallels.com,Oldsmobile,Intrigue,KNADH5A30A6528360,2000
Francklyn,Gronous,fgronousel@feedburner.com,Porsche,Cayman,WAUAF98E15A144372,2006
Tait,Dashwood,tdashwoodem@ebay.co.uk,Mercedes-Benz,CL-Class,5BZBF0AA0FN274051,2008
Katherina,Mertsching,kmertschingen@nhs.uk,Lincoln,Continental,JTHBB1BA9B2899851,1997
Yorgo,Kearney,ykearneyeo@1und1.de,Ferrari,458 Italia,WAUFFAFL8CA626696,2011
Gwenette,Birley,gbirleyep@apache.org,Toyota,Tacoma,3G5DA03E03S501061,2004
Greggory,Lawerence,glawerenceeq@ted.com,BMW,7 Series,JTHFF2C26E2384183,1997
Ernesta,Elliss,eellisser@bigcartel.com,Nissan,Murano,JN1AZ4EH8AM530469,2005
Martin,Fronek,mfronekes@vk.com,Mitsubishi,Mirage,1G6DV1EP0F0298169,1987
D'arcy,Baglan,dbaglanet@bigcartel.com,Chevrolet,Express,WA1LGBFE3CD378991,2012
Irwinn,Densumbe,idensumbeeu@google.cn,Nissan,Pathfinder,WA1DGBFP3DA961831,1997
Teri,Raff,traffev@tiny.cc,Acura,TL,WAUAF78E85A588417,2009
Laurette,McMahon,lmcmahonew@sitemeter.com,Lamborghini,Diablo,2FMDK3GC9BB080714,1994
Hadley,Newarte,hnewarteex@seesaa.net,Nissan,Quest,1G6DH577890999770,2009
Farrah,Barenskie,fbarenskieey@goo.ne.jp,Mercedes-Benz,CLK-Class,JTJHY7AX2F4515578,2008
Kerk,Ruffler,krufflerez@earthlink.net,Isuzu,Rodeo,WAUDG98E56A290284,1999
Gustavus,Knewstub,gknewstubf0@opensource.org,Oldsmobile,Achieva,2C3CDZATXFH942161,1993
Laird,Serman,lsermanf1@uol.com.br,Toyota,Camry,WBA4A7C51FD964829,2008
Malory,Prahm,mprahmf2@skype.com,Chevrolet,G-Series G20,JN1BY0AR7AM221719,1993
Brandy,Rolin,brolinf3@uiuc.edu,Dodge,Viper,WAUAKAFB1BN741676,2005
Mateo,Messingham,mmessinghamf4@vinaora.com,BMW,Z4 M,WBABN53471J544414,2006
Georgy,Ackhurst,gackhurstf5@paginegialle.it,Mercury,Sable,WVWED7AJ7DW469194,1986
Kalil,Heare,khearef6@cnet.com,Dodge,Spirit,2G4WD552861567166,1992
Nappie,Holleran,nholleranf7@si.edu,Pontiac,Parisienne,3VW4A7AT2DM703390,1986
Adelheid,Mayler,amaylerf8@ezinearticles.com,Oldsmobile,Cutlass,3D7TT2CTXBG346728,1998
Emelia,Wims,ewimsf9@google.ru,Austin,Mini,WAUPFBFM2BA762341,1963
Cornie,Sloper,csloperfa@nyu.edu,Lexus,LX,WAUPFAFM3BA931373,2008
Corella,Matys,cmatysfb@wikipedia.org,Ford,Taurus,1FTSX2A55AE629040,2009
Yolande,Dumphries,ydumphriesfc@arizona.edu,Volkswagen,Type 2,1G6DL1E39C0743099,1989
Cindy,Sinderland,csinderlandfd@tiny.cc,Lamborghini,Diablo,19UYA41773A675945,1999
Tabatha,Chartman,tchartmanfe@bbb.org,Chevrolet,G-Series G20,WAUDFAFC9EN675151,1994
Olav,Behn,obehnff@networksolutions.com,Jaguar,XK Series,3C6TD5ET3CG388379,2000
Codee,Fumagallo,cfumagallofg@europa.eu,Jaguar,X-Type,1G6KE54Y05U223780,2002
Buddie,Bounds,bboundsfh@yandex.ru,Dodge,Ram 3500,JHMZF1C60DS076290,2007
Cornie,Stebbin,cstebbinfi@google.co.uk,Ford,Econoline E350,1N6BF0KL2FN396228,1995
Cori,Suttill,csuttillfj@jugem.jp,Ford,Bronco,3VWA17AU5FM134758,1984
Westbrook,Rounsefell,wrounsefellfk@tumblr.com,Buick,Riviera,3N1AB7AP1FY707337,1991
Salem,Versey,sverseyfl@godaddy.com,Infiniti,Q,WAUBNBFBXBN600235,2006
Zacherie,Priscott,zpriscottfm@jugem.jp,Dodge,Ram Van 3500,WBAFR9C57BD429835,1995
Alena,Rosenblath,arosenblathfn@sina.com.cn,Volvo,850,1G6DH5EG4A0116870,1996
Tobe,Linnit,tlinnitfo@ox.ac.uk,Pontiac,Torrent,JTHBK1EG4B2486574,2008
Flss,Miskelly,fmiskellyfp@cnn.com,GMC,Sierra 2500,JHMZF1C63CS115050,2008
Faustina,Gilling,fgillingfq@va.gov,GMC,Savana 3500,4A31K5DF2BE916255,2004
Jocelyn,MacSkeagan,jmacskeaganfr@shareasale.com,Mercury,Mountaineer,5TDDK3DC2BS214571,2003
Cookie,Dowson,cdowsonfs@prlog.org,Buick,LeSabre,WAULC68E82A810820,1998
Augusto,Rosini,arosinift@craigslist.org,Oldsmobile,Bravada,1G6AT5SX6E0932491,1992
Sharon,Bursnell,sbursnellfu@go.com,Kia,Sorento,YV4940BZ4E1638452,2007
Claiborn,Spillard,cspillardfv@china.com.cn,Dodge,Dakota Club,KNAGM4AD5D5181761,1995
Brenda,Nannizzi,bnannizzifw@so-net.ne.jp,Toyota,4Runner,WAUAF68E15A383046,2012
Melly,Snasdell,msnasdellfx@jigsy.com,Mitsubishi,Pajero,1G6DS1E39C0449981,1984
Tedmund,Thomelin,tthomelinfy@elegantthemes.com,Lincoln,Aviator,2HNYD283X7H572775,2005
Louisette,Glewe,lglewefz@cbc.ca,Mitsubishi,Montero Sport,WAUAH94FX6N733486,2001
Selena,Mumberson,smumbersong0@umn.edu,Chrysler,PT Cruiser,1G4PP5SK7F4349563,2008
Dallis,Coffelt,dcoffeltg1@prweb.com,Porsche,911,1GYS4HEF6BR217280,1989
Pauly,Bellanger,pbellangerg2@toplist.cz,Oldsmobile,Cutlass Supreme,3VWJP7AT1CM863633,1997
Wittie,Baselli,wbasellig3@topsy.com,Dodge,Durango,1GTG5AEA4F1047879,2005
Jeffie,Siggers,jsiggersg4@hugedomains.com,Geo,Tracker,3N1AB6AP9CL633734,1997
Hubie,Dominicacci,hdominicaccig5@biblegateway.com,Volvo,XC90,JM1NC2JF0C0518545,2008
Spence,Clifft,sclifftg6@github.io,Pontiac,Firebird,WA1CGAFE7BD487415,1988
Shurwood,Labitt,slabittg7@netvibes.com,Porsche,911,WAUDH74FX7N059245,1991
Guglielma,McGrah,gmcgrahg8@economist.com,Mazda,Protege,3FAHP0CG1AR576582,1993
Christen,Sabey,csabeyg9@exblog.jp,Lexus,LFA,WDCGG5GB9AF279519,2012
Lorraine,Staner,lstanerga@sohu.com,Ford,Expedition EL,1C4AJWAG8CL203298,2010
Desiree,Landsborough,dlandsboroughgb@pagesperso-orange.fr,Chevrolet,G-Series G30,1G6AB5R33F0812381,1996
Modesty,Mullinder,mmullindergc@fema.gov,Lotus,Elise,WAUCD54B14N029491,2009
Kerry,Grzegorek,kgrzegorekgd@archive.org,BMW,5 Series,KNAFU6A26D5669865,1992
Cybill,Petracek,cpetracekge@chicagotribune.com,Ford,Crown Victoria,5N1AN0NW0FN181627,1998
Rawley,Redferne,rredfernegf@go.com,Isuzu,Trooper,2G4GU5EVXC9817826,1993
Tori,Poulton,tpoultongg@indiatimes.com,Chevrolet,2500,4T1BF3EK3BU131689,2000
Kim,Lawden,klawdengh@netscape.com,Kia,Amanti,WA1CMAFE5BD798687,2006
Annmaria,Gallahar,agallahargi@joomla.org,Mercury,Tracer,WBAKF3C58CE887187,1996
Artemas,Tomlinson,atomlinsongj@adobe.com,Toyota,MR2,KMHEC4A45DA406115,1985
Neill,Wedderburn,nwedderburngk@furl.net,BMW,M5,3VW1K7AJ5DM330005,2006
Freddy,Savege,fsavegegl@lycos.com,BMW,Z3,WBAWV53539P022169,1997
Lauri,Wartnaby,lwartnabygm@yolasite.com,Infiniti,Q,WAUHMBFC9EN167808,2005
Bryant,Lyall,blyallgn@toplist.cz,Nissan,Altima,KNAGM4AD6E5569146,2009
Iseabal,Suddick,isuddickgo@opensource.org,Dodge,Ram 1500,KMHGN4JE4FU557086,1998
Milissent,Simkin,msimkingp@google.es,Mitsubishi,Tredia,JN1BV7AP5FM277035,1984
Agathe,Flitcroft,aflitcroftgq@deviantart.com,Toyota,Prius,KL4CJGSB2DB543663,2003
Lewes,Paulusch,lpauluschgr@google.es,Acura,SLX,1HGCR2E56DA594694,1999
Shermy,McCurley,smccurleygs@bing.com,Aston Martin,Virage,KNADH4A38A6583455,2011
Leola,Jager,ljagergt@netscape.com,Acura,Integra,WAUDGAFL9BA651027,2000
Muire,Dunkerley,mdunkerleygu@istockphoto.com,BMW,5 Series,1FTSW2B53AE217684,1999
Sancho,Fauning,sfauninggv@globo.com,MINI,Clubman,WAUDFAFL9FN186959,2009
Cris,Blacksland,cblackslandgw@mashable.com,Chevrolet,Tahoe,WAUAFAFH2EN928230,1997
Marillin,Bottoms,mbottomsgx@livejournal.com,Nissan,Maxima,WAUEFAFL8EA499432,1994
Millicent,Grass,mgrassgy@blogger.com,GMC,Sierra,WAUMF78K49A286745,2007
Geno,Poinsett,gpoinsettgz@vkontakte.ru,Mercury,Villager,1G6AR5S30F0737323,1998
Marillin,Trewhitt,mtrewhitth0@sourceforge.net,Ford,Mustang,4JGCB2FE9BA438661,1994
Heloise,Baus,hbaush1@bbb.org,Lincoln,MKT,WA1DVAFE3AD346138,2011
Brenn,Dillestone,bdillestoneh2@bbc.co.uk,Lamborghini,Countach,1G6AY5S3XE0641281,1989
Bernelle,Burnapp,bburnapph3@nih.gov,Chevrolet,Cavalier,WBAVC935X8K403943,2003
Cordy,Breem,cbreemh4@addtoany.com,Chevrolet,3500,WAUJC58E85A841040,1993
Garrard,Trivett,gtrivetth5@state.tx.us,Mercedes-Benz,CL-Class,WBA3N3C55FK036137,2006
Dino,Castagnone,dcastagnoneh6@hud.gov,Honda,Prelude,WAUKF78E47A322318,2000
Morganica,Willock,mwillockh7@gizmodo.com,Mercedes-Benz,C-Class,4T3BA3BB8CU356363,2005
Irvine,Benian,ibenianh8@guardian.co.uk,Nissan,Pathfinder,JN8AF5MR8FT342655,2001
Charil,Simester,csimesterh9@tripadvisor.com,Saab,900,WAUMR94E59N864573,1988
Idalina,Splevin,isplevinha@live.com,Cadillac,Eldorado,4JGDA2EBXDA956912,1995
Betta,Krinks,bkrinkshb@harvard.edu,Isuzu,Rodeo,1D7RE3GK8BS977286,1999
Kizzie,Bounds,kboundshc@npr.org,Volkswagen,riolet,WBALL5C51EP935547,1993
Shalna,McCullock,smccullockhd@xrea.com,Acura,RL,1G6DG5EY9B0499895,2011
Charil,Drever,cdreverhe@umn.edu,Nissan,Sentra,WAUXU64B12N976678,1993
Erich,Waldera,ewalderahf@hhs.gov,Hyundai,Veracruz,WVGEF9BP1FD495065,2011
Rickey,Beech,rbeechhg@delicious.com,Honda,Civic Si,JH4CL95958C013187,2005
Humfrey,Obee,hobeehh@github.io,Chevrolet,S10 Blazer,WAUAFAFL6CN583463,1993
Tomlin,Akam,takamhi@reference.com,Toyota,FJ Cruiser,WP1AE2A21CL679650,2012
Mufinella,Von Welden,mvonweldenhj@sciencedaily.com,Lotus,Elan,WBAFU9C50BC872042,1992
Willy,Churchley,wchurchleyhk@shareasale.com,Chevrolet,TrailBlazer,JN1CV6EK7BM797129,2006
Abdel,Luckwell,aluckwellhl@dell.com,Mitsubishi,Cordia,1FMJK1J55AE561807,1986
Durand,Ricard,dricardhm@bravesites.com,Chevrolet,G-Series 2500,1G6DU6EV6A0738323,1996
Camila,Echalie,cechaliehn@xing.com,Bentley,Continental GTC,WA1LFBFP8BA644123,2008
Grace,Henrot,ghenrotho@ehow.com,Saab,900,JN1BV7AP4FM548411,1995
Lotta,Gluyus,lgluyushp@census.gov,Volkswagen,Passat,19UYA425X1A697156,1997
Riley,Nazer,rnazerhq@harvard.edu,Volkswagen,Passat,WAUZL54BX1N152506,2012
Cassondra,McPhate,cmcphatehr@cam.ac.uk,Toyota,Corolla,1G4CW54K844336509,1995
Mike,De Mars,mdemarshs@state.tx.us,Mitsubishi,Eclipse,SALFR2BN3AH995891,1993
Armin,Fowler,afowlerht@biblegateway.com,Scion,xB,WAULD54B13N422986,2008
Maison,McCosh,mmccoshhu@mapy.cz,Jaguar,X-Type,KMHHT6KD8AU317544,2008
Cassie,Schultes,cschulteshv@bloglovin.com,Hyundai,Elantra,2G4WY55J321766941,2001
Bradney,Yellowlees,byellowleeshw@ucoz.com,Pontiac,Sunbird,1G6DK67V880838520,1984
Raina,Dawidsohn,rdawidsohnhx@china.com.cn,GMC,2500,JM1GJ1T62E1223319,1997
Winnifred,Abby,wabbyhy@barnesandnoble.com,Ford,Mustang,JH4NA12632T393292,1995
Dodie,Gibbens,dgibbenshz@prlog.org,Subaru,Forester,WAURV78T19A939713,1998
Putnam,Vigors,pvigorsi0@kickstarter.com,Mitsubishi,L300,3VWJP7AT2CM848025,1989
Kellby,Ricardon,kricardoni1@cdbaby.com,Nissan,NX,WBA3C3C51EK833974,1992
Rikki,Starr,rstarri2@businessweek.com,BMW,Z4 M,1G4GD5GR5CF759356,2009
Jessie,Habbershon,jhabbershoni3@hexun.com,GMC,Sierra,WBAEV53483K739805,2012
Lotty,Swaffield,lswaffieldi4@friendfeed.com,Maserati,228,WAUFGAFC7EN995784,1990
Gertrud,Josephov,gjosephovi5@topsy.com,Land Rover,Freelander,WA1VMAFPXEA215188,2009
Hadlee,Carling,hcarlingi6@freewebs.com,Buick,Rendezvous,JM3KE2BE8E0740408,2002
Dniren,Lordon,dlordoni7@moonfruit.com,Saturn,L-Series,WAUHF78P68A115054,2004
Lin,Corradeschi,lcorradeschii8@miibeian.gov.cn,Isuzu,Trooper,1G4PR5SK0D4639392,1992
Jeanine,Bundock,jbundocki9@epa.gov,BMW,600,WA1YD64B94N095084,1957
Eadmund,Karolczyk,ekarolczykia@deviantart.com,Volkswagen,Golf,3D7TT2CT5BG789160,1988
Jeanne,Hellin,jhellinib@livejournal.com,Ford,F250,WA1YD64B24N104689,1996
Rickert,Wormstone,rwormstoneic@sciencedaily.com,Mazda,MX-5,2T1BU4EEXDC457130,1997
Fredek,Pettigrew,fpettigrewid@wikipedia.org,GMC,1500,WA1BY94L48D829310,1994
Tristam,Cuolahan,tcuolahanie@163.com,Infiniti,G,2C3CDZFJXFH353859,2005
Sunshine,Trundler,strundlerif@nationalgeographic.com,Mitsubishi,Montero,WVGAV7AX7CW015182,1995
Tye,Songist,tsongistig@wikimedia.org,Mazda,Mazda6,KMHD35LH6FU116999,2010
Xever,Grierson,xgriersonih@canalblog.com,Subaru,Impreza WRX,JH4KB16598C570003,2010
Josefina,Jenyns,jjenynsii@tiny.cc,Ford,F250,1N6AA0EJ8FN155603,2000
Jamey,Osban,josbanij@netscape.com,Aston Martin,DBS,1G4HC5EM2BU246848,2010
Ronni,Mobius,rmobiusik@theglobeandmail.com,Subaru,Forester,1N4AA5AP4EC297554,2011
Rachele,Blouet,rblouetil@mac.com,Oldsmobile,Bravada,1FTKR1AD7AP058926,1997
Pegeen,Tomalin,ptomalinim@comsenz.com,Audi,TT,1G6DP577560542252,2005
Robbert,Kellett,rkellettin@mysql.com,Ford,F350,1FMHK7B8XCG974923,2000
Aurora,Fearby,afearbyio@phoca.cz,Dodge,Caravan,WAU4GAFB7AN673607,2010
Ivonne,MacCallum,imaccallumip@goodreads.com,Ford,Fusion,19UYA426X2A360089,2009
Katherine,Gartsyde,kgartsydeiq@meetup.com,Mazda,MX-6,WBAYA8C58DC042312,1995
Debi,Spaughton,dspaughtonir@goo.gl,Audi,A4,1GKS1HE0XER930539,2009
Loria,O' Hanvey,lohanveyis@soup.io,Volkswagen,Jetta,2C3CCADT1CH232772,1991
Georgeanne,Barham,gbarhamit@etsy.com,Saab,900,1N6AF0KY7EN944715,1996
Mordy,Peyes,mpeyesiu@symantec.com,Acura,TSX,WUAUUAFG4BN383613,2005
Karylin,Sterre,ksterreiv@umn.edu,Chevrolet,Lumina,WAUEF78E88A284980,1997
Teirtza,Keld,tkeldiw@mit.edu,Mitsubishi,Mighty Max,1B3CC5FB2AN131902,1992
Hortense,Brotherheed,hbrotherheedix@google.es,Maserati,GranTurismo,1GYFK33289R591684,2011
Penn,Ritchings,pritchingsiy@ft.com,GMC,2500,JN1CV6EK6EM360484,1997
Lorraine,Barrowcliff,lbarrowcliffiz@webeden.co.uk,Ford,Club Wagon,WAUSF78E26A167914,1997
Arthur,Cranch,acranchj0@webnode.com,Mazda,Mazda3,WAULC58E15A789601,2005
Nichole,Shah,nshahj1@bloglovin.com,Saturn,Ion,19UUA9F23BA675125,2005
Bevin,Casterot,bcasterotj2@goo.gl,Toyota,Tacoma,JTHBE1BL1F1223186,1997
Athene,Mabe,amabej3@yellowbook.com,Maserati,Quattroporte,1G6DL67A780554581,2010
Leodora,Costanza,lcostanzaj4@dyndns.org,Saab,9-4X,WBA3B1C56DK315607,2011
Gawen,Crooke,gcrookej5@youtube.com,Isuzu,Hombre Space,JTHDU1EF5E5138201,2000
Orel,Bern,obernj6@sun.com,GMC,Vandura 1500,1N6AF0KX9FN454737,1993
Ranee,Worwood,rworwoodj7@over-blog.com,Buick,Park Avenue,1G6DP8E33D0293299,1994
Ephraim,Giacubbo,egiacubboj8@ameblo.jp,Chrysler,Sebring,1G6AB5S36D0554638,1995
Valencia,Vase,vvasej9@webmd.com,Mercedes-Benz,300SE,2HNYD28517H959300,1993
Donavon,Kubasek,dkubasekja@yandex.ru,Jeep,Grand Cherokee,3D7JV1EP8BG336162,2005
Rosalinde,Westrip,rwestripjb@printfriendly.com,Dodge,Durango,WBANB53536C880412,2012
Joseito,Nesby,jnesbyjc@examiner.com,Mazda,Familia,WBANV1C56AC544620,1987
Ardra,Dorset,adorsetjd@dion.ne.jp,Chrysler,PT Cruiser,1FTMF1EW5AF797506,2004
Gawen,Houndson,ghoundsonje@japanpost.jp,Dodge,Charger,2C3CCASG7DH630219,2012
Elyn,Giovanizio,egiovaniziojf@wiley.com,MINI,Cooper Clubman,1FTSX2A5XAE633438,2008
Mair,Krabbe,mkrabbejg@army.mil,Buick,Riviera,WDDHF7GB6EA787321,1990
Junina,Pellew,jpellewjh@163.com,Chevrolet,Corvette,WAUVC58EX5A303084,1975
Alvie,Broadbere,abroadbereji@multiply.com,Mercury,Cougar,JA32U2FU7EU889770,1988
Joella,Oxbe,joxbejj@eventbrite.com,Buick,LeSabre,2T1BURHE2FC473351,1995
Tiffani,Vasilyonok,tvasilyonokjk@netscape.com,GMC,3500,5GAKVCED9CJ110021,1992
Allix,Landsberg,alandsbergjl@techcrunch.com,Pontiac,Bonneville,1G6KD57Y63U071869,1999
Wileen,Holhouse,wholhousejm@trellian.com,Cadillac,Catera,1FTSW2B57AE460852,2000
Rod,Omand,romandjn@hc360.com,Honda,Element,1G4HE57Y68U220711,2005
Freddie,Novak,fnovakjo@skype.com,Mazda,B-Series Plus,3GYFNKE46AS305669,1993
Alex,Yardley,ayardleyjp@seattletimes.com,Saturn,L-Series,1GYEK63N52R745149,2002
Mariana,Palatino,mpalatinojq@yelp.com,Honda,Fit,2G4WS52J251952335,2010
Kort,Sawkin,ksawkinjr@plala.or.jp,Dodge,Intrepid,1G6DU6EV5A0019628,1998
Hadlee,Petrik,hpetrikjs@epa.gov,Mitsubishi,Expo,WAUKH74F36N630919,1992
Chan,Boyce,cboycejt@earthlink.net,Chevrolet,Avalanche 2500,WBABD53476P993972,2005
Tresa,Daleman,tdalemanju@narod.ru,GMC,Jimmy,19UYA42601A898766,1993
Junette,Archanbault,jarchanbaultjv@phoca.cz,Porsche,928,2T2BK1BA0EC943402,1991
Cordy,Roblett,croblettjw@google.ru,Chevrolet,Silverado 1500,WBAUT9C56CA439123,2008
Lisetta,Runchman,lrunchmanjx@sciencedirect.com,Subaru,Forester,WBA3N3C52EK929347,1999
Taddeo,Rickeard,trickeardjy@skyrock.com,BMW,1 Series,1GD120EG4BF940396,2011
Dasie,Liversage,dliversagejz@weather.com,Lincoln,Navigator L,1GD312CG8BF987859,2007
Tiler,Yude,tyudek0@hao123.com,Chevrolet,Cavalier,1G6KF57952U955979,1999
Bonnee,Benjamin,bbenjamink1@imgur.com,Kia,Sedona,1GKLRKED6AJ754479,2011
Bastien,Mustard,bmustardk2@blog.com,Lotus,Esprit,JN1AZ4EH5EM901996,1992
Bank,MacKellar,bmackellark3@nasa.gov,Audi,A4,3D73Y4EL2AG329611,2003
Preston,Peasegood,ppeasegoodk4@bbc.co.uk,Aston Martin,Vantage,WAUAFAFL5AN798541,2008
Samuel,Godsmark,sgodsmarkk5@php.net,Mazda,Mazda3,1C3BCBFG2DN187190,2008
Basilius,Claibourn,bclaibournk6@google.ru,Lincoln,LS,TRUXD38JX91420461,2000
Donny,Wackly,dwacklyk7@globo.com,Mercury,Sable,4USBU33588L819851,1990
Reeba,Connelly,rconnellyk8@msu.edu,Hyundai,Tucson,3VW1K7AJ7FM911430,2012
Perry,Littrick,plittrickk9@hhs.gov,Chevrolet,S10,2HNYD2H88DH134229,2001
Hendrika,Colvine,hcolvineka@godaddy.com,Mazda,Protege,1C4RDJDG5DC726255,2000
Linnie,Beckey,lbeckeykb@upenn.edu,GMC,Canyon,1G6DL8ED3B0140097,2008
Brewster,Mathonnet,bmathonnetkc@comsenz.com,GMC,Savana 3500,WVGAV7AXXCW033739,2001
Spike,Pren,sprenkd@bluehost.com,Cadillac,Escalade,WAUEH64B51N157179,2003
Chico,Partington,cpartingtonke@europa.eu,Dodge,Dakota Club,WBAPH5G52AN106666,2006
Bryna,Rodden,broddenkf@narod.ru,Ford,E-Series,5GAKVDED4CJ888409,2008
Hashim,Vicker,hvickerkg@cloudflare.com,Subaru,Legacy,1FTSW2A59AE330816,1997
Janenna,Andrin,jandrinkh@redcross.org,Mercury,Cougar,WAUWFBFL5BA663340,1995
Roscoe,Duckers,rduckerski@tumblr.com,Pontiac,Trans Sport,1FTEX1E88AK974138,1996
Melinde,Maddigan,mmaddigankj@howstuffworks.com,Isuzu,Hombre,2T1BU4EE7CC329443,1998
Barrett,Salzburger,bsalzburgerkk@prlog.org,Subaru,XT,1GYS4DEF5DR016420,1988
Corbett,Muzzini,cmuzzinikl@webmd.com,Audi,TT,5LMJJ2H53AE908811,2004
Heinrik,Lathleiff,hlathleiffkm@prweb.com,Mercury,Capri,3C6TD5DTXCG331484,1984
Tommy,Boow,tboowkn@ocn.ne.jp,Chrysler,Imperial,5N3ZA0NC8AN903706,1992
Guss,Eddleston,geddlestonko@deviantart.com,Lotus,Esprit,1FTEW1CW6AK716902,1999
Celinda,Willmore,cwillmorekp@npr.org,Oldsmobile,Bravada,2HKRM3H50DH090465,2000
Preston,Wardingly,pwardinglykq@alibaba.com,Hyundai,Santa Fe,2C4RRGAGXDR352614,2006
Kevon,Boldison,kboldisonkr@infoseek.co.jp,Pontiac,Grand Prix,WA1CGAFE7BD745965,1982
Fairlie,Pedersen,fpedersenks@sakura.ne.jp,Honda,Odyssey,1G6DM5ED9B0572267,2000
Toma,Mangion,tmangionkt@epa.gov,Daewoo,Nubira,WBA5M0C53ED139229,2002
Wynnie,Bemand,wbemandku@blogtalkradio.com,Jeep,Compass,3GYFNAEY9AS717047,2011
Aldric,Farra,afarrakv@vimeo.com,Subaru,XT,YV140MAK4F1915939,1987
Rog,Baudou,rbaudoukw@php.net,Porsche,928,WBAHN03506D331848,1989
Adriane,Leeb,aleebkx@ycombinator.com,Ford,Probe,1GYS4AKJ3FR173258,1991
Gale,Bernadzki,gbernadzkiky@si.edu,Mercedes-Benz,CL-Class,WBAEV33493P758077,2011
Lynnet,Harower,lharowerkz@kickstarter.com,Mitsubishi,Tredia,SALCT2BG8FH115149,1985
Stormie,Corking,scorkingl0@china.com.cn,BMW,5 Series,WAUHFAFL4EN258490,1999
Rowen,Adamo,radamol1@howstuffworks.com,Mercury,Lynx,1HGCP2E39CA686465,1985
Ivy,Nortcliffe,inortcliffel2@php.net,Pontiac,LeMans,JM1DE1HY3B0348462,1966
Billy,Andryushin,bandryushinl3@usatoday.com,Jaguar,S-Type,WBSBR93465P798643,2008
Brigitta,Haskayne,bhaskaynel4@xrea.com,Land Rover,Range Rover,SALWR2VF4FA059296,2012
Olly,Heaney`,oheaneyl5@usda.gov,Dodge,Ram Van 2500,KNDPB3AC6E7377658,2002
Storm,Stiger,sstigerl6@cbsnews.com,Hyundai,Elantra,WA1WMBFEXCD364141,2005
Reggis,Blackborne,rblackbornel7@flickr.com,Chevrolet,Tracker,1G4HR57Y07U930139,2001
Clevie,MacGruer,cmacgruerl8@unc.edu,Mazda,Miata MX-5,WAUAFAFL2BN971692,2010
Luella,Darracott,ldarracottl9@infoseek.co.jp,Lexus,LS,1G6AE5SXXF0274590,2009
Cristionna,Judge,cjudgela@nasa.gov,Infiniti,FX,3D4PG5FV9AT883629,2004
Derwin,Clews,dclewslb@soundcloud.com,Jeep,Cherokee,WBAWB7C52AP578630,2000
Claiborn,Hayworth,chayworthlc@icq.com,Honda,Civic,JM3TB2BA7C0890260,1991
Ham,Ryhorovich,hryhorovichld@admin.ch,Dodge,Aries,1FTMF1E8XAK026435,1981
Alvira,Blest,ablestle@ihg.com,Dodge,Ram Van 2500,1GTN1UEH4EZ057961,1996
Tyne,Mawman,tmawmanlf@webmd.com,BMW,5 Series,WBAKF9C53BE002928,1998
Morena,Carnegy,mcarnegylg@admin.ch,Hyundai,Sonata,KNADM5A35D6442459,2013
Parnell,Jefford,pjeffordlh@businesswire.com,Cadillac,Catera,1G6AK5S3XD0924165,1998
Alidia,Leimster,aleimsterli@mtv.com,Porsche,Boxster,NM0KS7AN4AT420766,2010
Wood,Giacopini,wgiacopinilj@cmu.edu,Mazda,Protege,WBAGH83451D412250,1997
Minta,Cruttenden,mcruttendenlk@ox.ac.uk,Isuzu,Rodeo Sport,WAUDH98E27A690740,2001
Rafferty,Jerke,rjerkell@mapy.cz,BMW,Z4 M Roadster,WBAEN33402E975365,2009
Goddard,Vacher,gvacherlm@mozilla.org,Volkswagen,GTI,1N6BF0KX1FN927597,2012
Casper,Collymore,ccollymoreln@si.edu,Cadillac,Escalade EXT,1GKS1EEF3DR252203,2003
Dill,Cattel,dcattello@foxnews.com,Mazda,Mazda6,1G6DK1E30C0885084,2004
Terrill,Sharrock,tsharrocklp@behance.net,Mazda,MX-6,3VWKX7AJ8AM393343,1991
Rip,Phillip,rphilliplq@edublogs.org,Ford,Probe,WA1LMAFE2DD838999,1989
Dosi,Wiltshier,dwiltshierlr@alexa.com,Lincoln,Navigator,2HNYD2H80CH433468,2001
Vanya,D'Antonio,vdantoniols@seesaa.net,Ford,Falcon,4JGBF2FE4BA025644,1967
Nanni,Morritt,nmorrittlt@pbs.org,Isuzu,Rodeo,WAUMFAFR1FA146760,1994
Lorianna,Vellacott,lvellacottlu@constantcontact.com,Lexus,IS,5FPYK1F21AB427838,2007
Winnah,Robinett,wrobinettlv@rediff.com,Volkswagen,Cabriolet,1C3CDZBG8EN757727,2002
Krissie,Golborne,kgolbornelw@mit.edu,Subaru,Legacy,KNADH4A39A6629908,2000
Fredek,Langtry,flangtrylx@php.net,Jaguar,XJ Series,5N1AA0NE9FN331978,2003
Travers,Cosgreave,tcosgreavely@newsvine.com,Volvo,C70,3FADP0L31AR968599,2013
Liza,Greenstock,lgreenstocklz@theguardian.com,BMW,545,3C4PDDEG8CT866407,2005
Lorianne,Jardine,ljardinem0@hugedomains.com,Lotus,Exige,WAUMF78P76A251480,2004
Rikki,Crathorne,rcrathornem1@freewebs.com,GMC,Yukon XL 1500,1G6DC67A590751606,2010
Modestia,Hevey,mheveym2@patch.com,Acura,TSX,WBAVA37597N676625,2005
Curtice,Chate,cchatem3@census.gov,Volkswagen,Cabriolet,WAUNF98P77A252789,1987
Faunie,Lilley,flilleym4@surveymonkey.com,Dodge,Magnum,JM1CW2BL3C0988572,2005
Daryl,Nann,dnannm5@ibm.com,Honda,S2000,3D73Y4EL6BG579743,2002
Marthena,MacNamara,mmacnamaram6@indiatimes.com,Saturn,Sky,WAUWFAFR6DA670640,2009
Elyssa,Myrtle,emyrtlem7@constantcontact.com,Lexus,GS,JTJBC1BA1E2297798,2010
Diannne,Mollin,dmollinm8@cnn.com,Ford,Aerostar,JN8AF5MR3CT737967,1988
Alvina,Georgeou,ageorgeoum9@hubpages.com,Mercedes-Benz,400SE,JN1CV6AP3DM562408,1992
Nikoletta,Tripcony,ntripconyma@moonfruit.com,Saab,9000,WAUWFAFRXCA675547,1996
Felike,Pirrone,fpirronemb@si.edu,Honda,Civic,2C3CDXBGXDH606447,1985
Beverlee,Kinforth,bkinforthmc@utexas.edu,Pontiac,Bonneville,2T1BURHE5FC843210,1968
Josephina,Usborn,jusbornmd@privacy.gov.au,Tesla,Roadster,5J6TF1H30FL616959,2010
Demetra,Britcher,dbritcherme@theatlantic.com,Volkswagen,Golf,WA1UFBFLXDA697359,2005
Abeu,Ferroli,aferrolimf@bing.com,Acura,MDX,SCFEBBBK9DG609225,2005
Waly,Brislane,wbrislanemg@arizona.edu,Porsche,Cayenne,YV140MAB9F1858895,2004
Emerson,Bras,ebrasmh@cnet.com,Mitsubishi,Galant,4USBT33524L955728,1995
Sonny,Petrecz,spetreczmi@latimes.com,Toyota,Prius,3N1CN7AP0EK404356,2004
Freddy,McClure,fmccluremj@newsvine.com,Ford,Crown Victoria,WBADW7C54BE712224,2005
Bronson,Benbough,bbenboughmk@ebay.co.uk,Dodge,Durango,JTJBARBZ4F2063893,2001
Gideon,Lockett,glockettml@nifty.com,Toyota,RAV4,WAUGVAFR6AA357543,1999
Austin,Ebi,aebimm@barnesandnoble.com,Lamborghini,Murcilago,2C3CDXJG6CH609216,2008
Amber,Upwood,aupwoodmn@marketwatch.com,Mazda,Mazdaspeed 3,JH4NA12655S695712,2012
Catriona,Normaville,cnormavillemo@sogou.com,Lincoln,MKZ,WBAVC53587F484909,2008
Daryl,Rigolle,drigollemp@homestead.com,Lexus,GS,2FMHK6CC4AB228291,2000
Serge,Pedden,speddenmq@ox.ac.uk,Subaru,Outback,WVWAB7AJ2CW373962,2005
Josie,Ratt,jrattmr@feedburner.com,Ford,Club Wagon,1FMJK1J57AE119529,1998
Lishe,Mingardo,lmingardoms@yahoo.com,Acura,TL,19XFA1F28AE372684,2010
Clementina,Swepstone,cswepstonemt@yellowbook.com,Dodge,Stealth,1G6AE5SX8F0331997,1992
Dionysus,Padbury,dpadburymu@answers.com,Mazda,929,SCFHDDAJ3BA483911,1993
Amargo,Linck,alinckmv@zdnet.com,Lotus,Esprit,WBA3T7C55F5301845,1996
Dav,Idenden,didendenmw@shutterfly.com,Bentley,Mulsanne,1FAHP3E23CL443634,2012
Onfroi,Caulder,ocauldermx@arstechnica.com,Honda,Civic,5J6TF3H5XFL411243,1980
Tedda,Casillas,tcasillasmy@umn.edu,Dodge,Durango,WAULT68E05A104820,2007
Ilka,Beauly,ibeaulymz@examiner.com,Buick,Skylark,WDDLJ9BBXFA168167,1990
Israel,Handling,ihandlingn0@wired.com,Dodge,Viper,1G4CW54K924289780,2002
Appolonia,Caswill,acaswilln1@technorati.com,BMW,7 Series,3GYT4MEF5BG862967,2009
Carling,Velti,cveltin2@networkadvertising.org,Hyundai,Elantra,WAUD2AFD2DN156252,2002
Sallee,Gillaspy,sgillaspyn3@slate.com,Geo,Storm,3GYFNAE37CS655042,1993
Broddie,Twidale,btwidalen4@amazonaws.com,Audi,S4,1FTEX1C89AK369676,2000
Ruby,Howbrook,rhowbrookn5@cloudflare.com,Pontiac,Montana SV6,JTHBP5C24E5359620,2006
Nicolea,Leys,nleysn6@ameblo.jp,Acura,Integra,WAUAH78E57A628966,1998
Murdoch,Attwoull,mattwoulln7@odnoklassniki.ru,Maybach,Landaulet,WDDNG7BB1AA689427,2012
Quinta,Raggatt,qraggattn8@ca.gov,Infiniti,EX,5FPYK1F50EB149465,2012
Cherry,Bolus,cbolusn9@aboutads.info,Hyundai,Elantra,1GD01ZCG2EF092223,1995
Kale,Idiens,kidiensna@mozilla.com,Mercedes-Benz,300SE,WBAWB33577P701128,1993
Eric,Welford,ewelfordnb@zimbio.com,Volkswagen,Passat,WAUJC68E45A940606,1986
Thea,Grealish,tgrealishnc@amazon.com,Chevrolet,Suburban 2500,1N6AD0CU4CN754062,2003
Alma,Chaunce,achauncend@dropbox.com,Chevrolet,Suburban 1500,WAUBC48H56K229897,2011
Henrie,Rossant,hrossantne@bizjournals.com,Honda,Accord,1D4PU4GK5AW124154,2006
Wes,Code,wcodenf@wikispaces.com,Mercedes-Benz,M-Class,WAUHFAFL8FN757777,2003
Elayne,Barwis,ebarwisng@dion.ne.jp,Chevrolet,S10,5FNYF3H25BB427574,1994
Glenden,Colthurst,gcolthurstnh@printfriendly.com,Ford,E-Series,JM1NC2LF7D0973682,2006
Gradeigh,Menendez,gmenendezni@java.com,Hyundai,Santa Fe,WBAEU33473P536916,2009
Rafaelita,Firebrace,rfirebracenj@seattletimes.com,Chrysler,Sebring,WVGBF7A97AD759795,2002
Zacherie,McGeachey,zmcgeacheynk@vistaprint.com,Toyota,Land Cruiser,WBAFR9C51CD149748,2008
Monte,Lawman,mlawmannl@thetimes.co.uk,Ford,Festiva,1FTEX1CM1DF030114,1989
Brady,Conant,bconantnm@google.pl,Chevrolet,1500,1GYFK43898R860767,1994
Shay,Devote,sdevotenn@digg.com,BMW,7 Series,1G6DH8EG9A0882983,2012
Chandler,McCluney,cmccluneyno@lulu.com,Ford,Mustang,1GYFK63808R358340,1969
Clementina,Kiddey,ckiddeynp@biblegateway.com,Ford,Tempo,JTDZN3EU4FJ500929,1984
Eleanore,Chiplen,echiplennq@printfriendly.com,Chevrolet,Corvette,WBADX1C5XCJ654803,2005
Garner,Cranidge,gcranidgenr@apache.org,Chevrolet,Avalanche,KL4CJHSB6DB215961,2011
Allegra,McRonald,amcronaldns@dell.com,Jeep,Wrangler,WAULT58E45A633472,2012
Rachele,Sindle,rsindlent@aol.com,Toyota,Yaris,SCBFR7ZA6DC802709,2007
Thibaut,Marco,tmarconu@booking.com,Hummer,H1,JN1CY0AP9AM754450,2002
Meris,Iron,mironnv@paypal.com,Nissan,Quest,SCBGT3ZA1EC823788,1995
Kathryne,Cackett,kcackettnw@arstechnica.com,Land Rover,Freelander,JN1AZ4EH5DM872899,2010
Pinchas,Pawelec,ppawelecnx@ted.com,Oldsmobile,Cutlass Supreme,2HNYD18774H219340,1995
Elvina,Leeves,eleevesny@princeton.edu,Porsche,911,JN8AZ2KR5CT136584,1986
Arnaldo,Pate,apatenz@shutterfly.com,Spyker,C8,WBA3V9C5XEP909465,2006
Jenny,Dorwood,jdorwoodo0@barnesandnoble.com,Infiniti,QX,5UXZV4C55D0259840,1997
Rochester,Cestard,rcestardo1@elegantthemes.com,Honda,Civic,1D7CE5GK8AS381871,1993
Tiphany,Corde,tcordeo2@va.gov,Buick,Riviera,SALAC2D48AA479731,1988
Laurena,Bearcroft,lbearcrofto3@unicef.org,Nissan,Maxima,SCFHDDAJ1BA896944,2002
Vyky,Bampford,vbampfordo4@zdnet.com,Suzuki,XL-7,WBAEW53473P944564,2006
Darren,Alvar,dalvaro5@ehow.com,Aston Martin,DB9,WBAEP33435P470911,2005
Mandy,Stimson,mstimsono6@umich.edu,Rolls-Royce,Phantom,5N1CR2MN8EC309981,2007
Marcie,Bosnell,mbosnello7@un.org,Lexus,IS,JHMZF1C61DS669558,2012
Merle,Sitlington,msitlingtono8@google.it,Chevrolet,Beretta,WBA3K5C57EF770662,1996
Meta,Alfonsetto,malfonsettoo9@foxnews.com,Volvo,940,1C6RD7GP4CS506762,1993
Brewster,Dearan,bdearanoa@uol.com.br,Nissan,Titan,SCBEC9ZA6EC622382,2005
Ninnetta,Temby,ntembyob@xrea.com,Ford,Thunderbird,WBAUP7C56BV104864,1988
Ruthie,Bembrigg,rbembriggoc@xing.com,Mitsubishi,Mirage,5GADX33L05D190761,1994
Lindy,Baynton,lbayntonod@bluehost.com,Lexus,GX,1G6AE5S35F0932376,2006
Cristine,Berzen,cberzenoe@techcrunch.com,BMW,X3,WBALW7C51DD200277,2005
Cort,Deverille,cdeverilleof@friendfeed.com,Ford,F250,1G6DJ1E31D0490674,2007
Maridel,Faas,mfaasog@bloglovin.com,Dodge,Dakota,1D7RW2BK0AS532294,2006
Shauna,Bridger,sbridgeroh@nba.com,Chevrolet,Suburban 1500,WAULF78K39N088498,2011
Fenelia,Spellacey,fspellaceyoi@loc.gov,Nissan,Maxima,WAUNF78P76A132381,1996
Hailee,Haistwell,hhaistwelloj@amazon.co.jp,Hummer,H1,KNDJT2A15A7790211,2004
Beth,Heyfield,bheyfieldok@freewebs.com,Infiniti,I,5N1AA0ND0FN061109,2003
Cory,Clay,cclayol@paypal.com,Honda,CR-V,WBADN63443G918363,2003
Edward,Geroldi,egeroldiom@time.com,Chevrolet,Suburban 2500,WAUGL58EX5A620730,1992
Rosaline,Pine,rpineon@foxnews.com,Volvo,S40,3VW1K7AJ6EM455709,2003
Lancelot,Yeabsley,lyeabsleyoo@sogou.com,Chevrolet,Tahoe,KNDJT2A54D7350357,2001
Lottie,Dallmann,ldallmannop@ucla.edu,Toyota,Highlander,SCBFC7ZAXEC175094,2002
Holly,Abbot,habbotoq@boston.com,Hyundai,Elantra,JN1CV6FEXBM924397,1994
Bunnie,Danford,bdanfordor@fotki.com,GMC,Sierra 1500,WDDEJ7GB8CA219330,2004
Terence,Morter,tmorteros@comcast.net,Oldsmobile,Cutlass,5N1AA0ND7FN326382,1997
Milicent,McLugish,mmclugishot@acquirethisname.com,Mitsubishi,Diamante,2C3CCAGG2EH814770,2003
Raphael,Nock,rnockou@meetup.com,Mazda,MX-3,WAUCFAFR6FA299159,1995
Sarah,Pottell,spottellov@house.gov,Ford,F-Series,WAUSGCFC0CN273998,2005
Cody,Laphorn,claphornow@people.com.cn,Acura,Legend,2LMDJ6JC9AB519736,1987
Berkeley,Regi,bregiox@tripadvisor.com,Buick,Century,TRUTX28N121175820,1992
Willi,Grzesiewicz,wgrzesiewiczoy@scientificamerican.com,Honda,Ridgeline,YV126MFKXF2587628,2007
Beatrice,Foynes,bfoynesoz@boston.com,Acura,MDX,WA1CMAFE9CD375421,2005
Friedrich,Santacrole,fsantacrolep0@drupal.org,Mitsubishi,Mirage,WBAWV53507P840147,2002
Leeland,Hartford,lhartfordp1@toplist.cz,Audi,TT,1N6AA0CCXEN179971,2000
Mommy,Goring,mgoringp2@examiner.com,Toyota,4Runner,1G4HA5EM7AU461243,1994
Hal,Wines,hwinesp3@list-manage.com,Honda,Civic,1G6KD57Y37U559151,2005
Rani,Breckell,rbreckellp4@soup.io,Acura,NSX,5TDBM5G15BS150663,2002
Ronda,Talby,rtalbyp5@cafepress.com,Volkswagen,Jetta,1G6DP8ED7B0235170,2011
Ferrell,Boatright,fboatrightp6@typepad.com,Toyota,Tacoma,WAUSH74F87N295853,2003
Granger,Kingscott,gkingscottp7@so-net.ne.jp,Pontiac,GTO,WAUFEAFM5AA607807,1964
Elli,Slaight,eslaightp8@ameblo.jp,Mitsubishi,Endeavor,1GKKRNED7BJ966340,2010
Carlee,Layburn,clayburnp9@si.edu,GMC,Jimmy,4T1BD1FK2CU644930,2000
Devin,Bratton,dbrattonpa@mac.com,Subaru,Forester,WAUEG98E96A437811,2009
Herrick,Bushaway,hbushawaypb@quantcast.com,Chevrolet,Silverado 2500,WAUMF68P06A596571,2009
Julissa,Cullimore,jcullimorepc@cmu.edu,Bentley,Azure,JN1AZ4EH6FM833645,2007
Randolph,Delouch,rdelouchpd@sakura.ne.jp,Mercedes-Benz,CLS-Class,WBADW7C52BE481565,2010
Annis,Regglar,aregglarpe@stumbleupon.com,Ford,Mustang,1G6KE57Y63U493685,2001
Domeniga,Tilney,dtilneypf@cpanel.net,Audi,riolet,4T1BD1EB1DU735075,1998
Ardyth,Malden,amaldenpg@si.edu,Ford,F250,JTDJTUD30ED094596,2012
Fredric,Shortland,fshortlandph@vistaprint.com,Scion,tC,3N1CE2CP4FL190175,2012
Edgardo,Enstone,eenstonepi@japanpost.jp,Toyota,Land Cruiser,WBA1F9C50FV911193,1997
Ezekiel,Sybbe,esybbepj@amazon.co.uk,Dodge,Caravan,JM1CW2BL5F0223710,2002
Magdalene,Tomblett,mtomblettpk@gov.uk,Ford,F350,1N6AD0CU4CC640932,2008
De,Kordes,dkordespl@ning.com,Acura,TSX,5N1AT2ML9EC077530,2009
Daron,Moreman,dmoremanpm@barnesandnoble.com,Mercury,Capri,SCBDC47L58C649550,1994
Gilles,Mayes,gmayespn@squarespace.com,Dodge,Ram 1500,19XFB4F2XDE009547,1997
Jule,Addess,jaddesspo@tripadvisor.com,Land Rover,Range Rover,1FTMF1EW8AF873266,1989
Vivianna,Morican,vmoricanpp@mayoclinic.com,Cadillac,STS-V,1N6AA0CC4DN490164,2008
Darya,Handrock,dhandrockpq@stanford.edu,Saab,3-Sep,JN1CV6FE5DM506526,2007
Reginauld,Gravet,rgravetpr@spotify.com,Chevrolet,S10,1G6KD54Y15U387378,2001
Jobie,Betteson,jbettesonps@facebook.com,Dodge,Durango,WBAYP9C5XED910620,2011
Silva,Heustice,sheusticept@psu.edu,Toyota,Land Cruiser,JTHFF2C29E2948070,2002
Emera,Luberti,elubertipu@jiathis.com,Eagle,Talon,1N4AL2AP3BN736414,1997
Toby,MacCollom,tmaccollompv@nationalgeographic.com,Dodge,Stratus,5GAKVDKD1DJ233792,2001
Cindie,Jorg,cjorgpw@twitter.com,Shelby,GT500,SAJWA4EB1EL244594,1968
Shirley,Fernandes,sfernandespx@cam.ac.uk,Toyota,Avalon,WAUSH98E37A996580,2009
Luigi,Keppy,lkeppypy@squarespace.com,Honda,Odyssey,4T1BK1EB8FU105336,1995
Brandy,Solleme,bsollemepz@pinterest.com,Geo,Metro,WBAKG1C50BE622795,1995
Webster,Dominelli,wdominelliq0@reddit.com,Maserati,Quattroporte,19VDE1F37EE025236,2005
Alisun,MacGoun,amacgounq1@techcrunch.com,Chrysler,Town & Country,1FA6P0G73F5483638,2000
Raine,Boshere,rboshereq2@google.es,Pontiac,Montana,1FTEW1CM9BK052014,2001
Taddeo,Palombi,tpalombiq3@addtoany.com,Mazda,B-Series Plus,WBA3K5C52EF411705,2003
Miriam,Aps,mapsq4@list-manage.com,Pontiac,6000,WBAWR3C51AP687536,1984
Reggy,Rizziello,rrizzielloq5@oracle.com,Nissan,Frontier,YV4902DZ2D2728079,2009
Goldi,Metts,gmettsq6@mapy.cz,Audi,S8,JTHBE1BL2F1461435,2008
Yard,Mabe,ymabeq7@blogs.com,Audi,R8,WBAGN83493D028659,2010
Britt,Frammingham,bframminghamq8@baidu.com,Mitsubishi,Diamante,WBAYB6C55FD725986,1997
Catherin,Readings,creadingsq9@indiegogo.com,Ford,EXP,WBAAV534X1F873610,1986
Lethia,Tadlow,ltadlowqa@dailymotion.com,Mercury,Mystique,1G4GF5G38DF443330,1996
Danika,Swett,dswettqb@dailymotion.com,Hyundai,Excel,WVWED7AJ2AW633057,1992
Ellette,Bednell,ebednellqc@twitter.com,Ford,Bronco,SAJWA4FB9EL141521,1994
Justin,Lathee,jlatheeqd@yandex.ru,Subaru,Forester,SCFAD05D29G415590,1998
Diane-marie,Loxly,dloxlyqe@columbia.edu,Jeep,Liberty,1D4PT2GK4BW432151,2007
Livy,Tissell,ltissellqf@oracle.com,Jeep,Patriot,5GADV33L45D734569,2011
Isidoro,Plitz,iplitzqg@bbb.org,Lincoln,Continental Mark VII,1GYS3PKJ4FR420745,1991
Teodoor,Anmore,tanmoreqh@odnoklassniki.ru,Ford,E-Series,SCFAD02A35G961965,2009
Siouxie,Roggieri,sroggieriqi@ucoz.com,Lexus,SC,WDDHF5KB7FB556306,1999
Brand,Thebe,bthebeqj@scientificamerican.com,Subaru,B9 Tribeca,WDDEJ9EBXDA325309,2007
Leonora,Penketh,lpenkethqk@tinyurl.com,Eagle,Talon,WBANU53548C468304,1990
Roderich,Claybourne,rclaybourneql@prlog.org,Toyota,Prius v,5FRYD3H43FB670022,2012
Billy,Brunger,bbrungerqm@de.vu,Chrysler,Fifth Ave,WAULT68E13A822289,1993
Lenka,Archibould,larchibouldqn@scientificamerican.com,BMW,Z4,2G4GT5GR1D9897294,2009
Milissent,Pietz,mpietzqo@cdbaby.com,Lincoln,Mark LT,WAUJC58E65A923347,2007
Valli,Knappett,vknappettqp@devhub.com,Chrysler,300,5N1AZ2MH0FN819510,2006
Vin,Carrigan,vcarriganqq@addtoany.com,Nissan,Titan,JTDJTUD32ED631808,2004
Bee,MacKnocker,bmacknockerqr@addtoany.com,Chevrolet,Astro,SALFR2BG6DH047832,1997
Nissy,Bannister,nbannisterqs@buzzfeed.com,Chevrolet,Express 3500,WAUXL58E74A968421,2004
Ivory,Bennough,ibennoughqt@t.co,Ford,Tempo,WAUWFAFR9EA626570,1988
Lisa,Kirley,lkirleyqu@g.co,Hyundai,Tucson,1HGCP2F33BA953239,2011
Maurita,Dwane,mdwaneqv@hubpages.com,Nissan,Maxima,WAUPEAFM2AA600401,1993
Hester,Bolden,hboldenqw@who.int,Chevrolet,Suburban 2500,WBAVM5C54EV365366,1999
Cybil,Diem,cdiemqx@livejournal.com,Dodge,Ram Wagon B150,SCBLC37FX5C965201,1994
Audry,Batsford,abatsfordqy@t-online.de,Toyota,Tacoma,JN8AS5MT6BW001870,2002
Gerrilee,Pollastrone,gpollastroneqz@sphinn.com,Nissan,Rogue,JN8AE2KP6C9052426,2009
Nike,O'Hanley,nohanleyr0@reddit.com,Ford,Tempo,WP0CA2A89AU832148,1987
Melamie,Bothbie,mbothbier1@ning.com,Toyota,Corolla,1G6DL5EGXA0568725,2004
Lani,Zorro,lzorror2@google.co.uk,Kia,Sportage,JTJHY7AX5E4778291,1995
Marcellus,Milmoe,mmilmoer3@sbwire.com,Honda,Civic,2T1BURHE6EC924201,1996
Bernardine,McGeneay,bmcgeneayr4@columbia.edu,Mercedes-Benz,R-Class,WAU3MAFD9FN551635,2008
Joaquin,Troker,jtrokerr5@skype.com,Lexus,LS,5YMGY0C51D0803752,2009
Lawrence,Rawll,lrawllr6@marriott.com,Dodge,Durango,WAUGL98E77A199124,2008
Gwen,Stonman,gstonmanr7@bloomberg.com,Dodge,Nitro,1FTEW1CM5EF586382,2009
Jenica,Mawman,jmawmanr8@technorati.com,Mercury,Mountaineer,3VW4A7AT2CM600730,1999
Louie,Mikalski,lmikalskir9@skyrock.com,Volkswagen,Cabriolet,WBAFV3C57ED540608,1992
Mikkel,Morffew,mmorffewra@mlb.com,Mazda,929,ML32A3HJ0FH863558,1995
Tobi,Fibben,tfibbenrb@ftc.gov,Ford,E150,1D7RV1CP2AS180682,2006
Hollyanne,Pabst,hpabstrc@webs.com,Buick,Park Avenue,JTEBC3EH8B2580181,2000
Faythe,Huton,fhutonrd@google.ru,Aston Martin,V8 Vantage,WAUEFAFL6EA144081,2007
Keene,Iddins,kiddinsre@mozilla.com,Infiniti,M,SCBDR33W07C451546,2008
Rutter,Maiklem,rmaiklemrf@xinhuanet.com,Audi,A4,SCFBF03B67G297167,2012
Tobey,Basler,tbaslerrg@census.gov,Oldsmobile,Bravada,WP0AA2A90ES532726,2000
Wally,Cronshaw,wcronshawrh@woothemes.com,Mazda,626,1G6DM5EG4A0599028,1995
Rheta,Fritter,rfritterri@squarespace.com,Lexus,LS,KMHTC6AD5FU953535,1993
Millicent,Durrans,mdurransrj@gravatar.com,BMW,X3,3N1AB6AP7BL045586,2009
Eleni,Leist,eleistrk@msn.com,Ford,Explorer,5N1AA0NCXAN044723,1991
Nariko,Galfour,ngalfourrl@furl.net,Aston Martin,DB9,1C3BCBFG7EN830537,2007
Jay,Bruin,jbruinrm@clickbank.net,Bentley,Mulsanne,1N6BF0KL6FN673527,2012
Ragnar,Spriggin,rsprigginrn@latimes.com,Volkswagen,Jetta,3TMJU4GN5BM501032,2004
Gibby,Bolingbroke,gbolingbrokero@imdb.com,Lincoln,Continental,JN8AZ2KR2AT458872,1998
Lyndy,Havers,lhaversrp@intel.com,Volkswagen,Passat,WAU4FAFRXBA566754,1999
Dalli,Meharry,dmeharryrq@ihg.com,Toyota,Yaris,WA1CV74L59D923585,2012
Stefanie,Biesinger,sbiesingerrr@skype.com,Ford,Festiva,19UUA9F26CA541761,1989
